left,right,metric,observed_spearman,posterior_mean,posterior_median,ci95_low,ci95_high,task_bootstrap_mean,task_bootstrap_median,task_bootstrap_ci95_low,task_bootstrap_ci95_high,reference_spearman
Language,Genome,clean,0.8923316838425692,0.8687711347134714,0.8690909090909091,0.8422184218421842,0.8935016501650165,0.8875933739331494,0.89039233187135,0.8271865018452665,0.9321894172524388,0.6891006359832321
Language,Genome,deranged,0.8857733692392858,0.8326166696669667,0.8332013201320132,0.7882865286528653,0.873988898889889,0.882067758354003,0.8855146722988337,0.8134454103320904,0.930094611524315,0.7942773379239687
Language,Genome,gap,0.6720732614676685,0.6250504050405039,0.6253165316531653,0.5516585658565857,0.6958193819381937,0.6674848174468233,0.6709002881453949,0.5241205161457023,0.7867064588694047,0.4363992862495205
Language,Genome,residual,0.6746894317235674,0.6291970849084908,0.6297209720972097,0.55895199519952,0.6978343834383438,0.6674849618881245,0.6713647682869415,0.5232827568585046,0.7838179545762389,0.4568797489930212
Language,Integer,clean,0.6936649576967477,0.6838318295829582,0.684044404440444,0.6522649264926493,0.7143120312031204,0.6873249864761677,0.6912247532638747,0.5739880232149479,0.7793317026409363,0.5962561896639006
Language,Integer,deranged,0.8876584686361305,0.8352372229222921,0.835907590759076,0.7928226822682268,0.8743360336033603,0.8844205670545422,0.8879322749090409,0.8184230220006782,0.9302896124943832,0.8575519315179848
Language,Integer,gap,0.4305563237575424,0.42013655205520556,0.4204800480048005,0.35194539453945395,0.48639933993399337,0.42560664499906314,0.4283815688384952,0.2550565315646384,0.5793513550491947,0.34036059854855666
Language,Integer,residual,0.3910231981890361,0.3915092541254125,0.3916231623162316,0.3324206420642064,0.449949594959496,0.3950610412194809,0.39752505187155285,0.2161689323422751,0.5564558153122299,0.3524350265396991
Language,Image,clean,0.6819335441833111,0.6650948586858686,0.6654005400540055,0.6299549954995499,0.6999354935493549,0.6761966756908292,0.680945373668242,0.5420236970712873,0.788991603451013,0.5047278592413554
Language,Image,deranged,0.8724276612869346,0.8297499357935795,0.8302190219021902,0.788020102010201,0.8687557755775577,0.8686175282566683,0.8724083292215612,0.7972528606424379,0.9175523060586905,0.855094643623143
Language,Image,gap,0.44063790261945235,0.41064223582358234,0.4107290729072907,0.32714011401140114,0.49321602160216016,0.43614638201052647,0.4396648903511959,0.27991513787829037,0.5748614549255949,0.11811701697942625
Language,Image,residual,0.4626987085084518,0.4329617881788179,0.43338733873387336,0.3737878787878788,0.48986528652865285,0.45748705738585194,0.4601207511940314,0.3205652700913429,0.5801446441117138,0.1796212953425467
Language,Time,clean,0.664448635605246,0.6445331185118511,0.6448244824482449,0.6036720672067207,0.684080708070807,0.6598135386791,0.6648722349089746,0.5188248183544655,0.7757701111102288,0.42065017501832624
Language,Time,deranged,0.8726053487618011,0.8234017209720973,0.8238523852385238,0.7796453645364536,0.8654311431143115,0.8687970251884155,0.8722779729746523,0.7984342002846279,0.9176988316736806,0.8697880418372005
Language,Time,gap,0.3537017137385067,0.32241542994299427,0.32236423642364237,0.23641104110411043,0.40754905490549054,0.35196932337272396,0.35421286367757715,0.16098901041440142,0.5335443401533552,0.054195234304058926
Language,Time,residual,0.3487397227641229,0.32506470327032705,0.3252805280528053,0.24938463846384637,0.40092439243924394,0.3577836672282319,0.3603853793196762,0.1694415282037855,0.5305377088882202,0.09191188391390723
Language,Protein,clean,0.886178980155596,0.8638326624662466,0.8642304230423042,0.8362670267026703,0.8894455445544555,0.8812948931483016,0.8845378481111801,0.8171654274037364,0.9272014998998422,0.6979316748853025
Language,Protein,deranged,0.8796422628379109,0.8271126228622863,0.8276327632763276,0.7816243624362436,0.8691992199219921,0.8760724182435501,0.8796043503229015,0.8035872881352957,0.9271928095387584,0.8546570020582713
Language,Protein,gap,0.5681819584929743,0.4867089480948095,0.48763876387638766,0.38182898289828987,0.5853027302730271,0.5638520967313506,0.5680860798316507,0.40618573743527175,0.7034562742158537,0.26518788463102766
Language,Protein,residual,0.5624718683147858,0.4933513795379538,0.4938793879387939,0.39105700570057006,0.590999699969997,0.5629705937879654,0.5677892225165152,0.40524370345387534,0.7002026007697437,0.30210167682301575
Genome,Integer,clean,0.7667227037871095,0.7576625538553855,0.7577977797779778,0.7337773777377737,0.7807623762376237,0.760559271704897,0.7641888033336621,0.6551753860537369,0.8457487359627723,0.6467552315129224
Genome,Integer,deranged,0.8520779048626943,0.8128383138313832,0.8131833183318331,0.7696588658865886,0.8545469546954695,0.8481946736046868,0.8528135514609678,0.7596554682268679,0.9105551216130122,0.7966775153253604
Genome,Integer,gap,0.679189260004785,0.6387834587458747,0.6393999399939994,0.5867134713471347,0.6867590759075907,0.6727672956527434,0.6758052014569818,0.5461202686809883,0.7784716921541391,0.4587078299152464
Genome,Integer,residual,0.6340727893614093,0.6146975181518152,0.6153255325532553,0.567896489648965,0.6583384338433843,0.6358219920593234,0.6387328225184608,0.49837487002559694,0.7532409352613897,0.49582988860912575
Genome,Image,clean,0.45268565403302513,0.4419549678967896,0.44188418841884186,0.40978007800780075,0.47405970597059705,0.44852752792879,0.45158280900818176,0.25553203702981725,0.6203881762304111,0.38325639090681535
Genome,Image,deranged,0.8687708645624839,0.8316451809180919,0.8317671767176718,0.7915268526852686,0.8694749474947495,0.864853904365605,0.8692297448983243,0.7870384452149953,0.9196988126563945,0.80096397442999
Genome,Image,gap,0.14949268521005954,0.125708402040204,0.1255145514551455,0.046441944194419445,0.20648154815481548,0.1482148277363827,0.15007797599850875,-0.056281631469475714,0.33961716559324107,0.06334577793472303
Genome,Image,residual,0.1096382911039889,0.09556886528652865,0.09565556555655566,0.03788628862886288,0.15394299429942987,0.1063920948793032,0.10710757466498141,-0.08458734198159107,0.2924622730365956,0.13526307724668732
Genome,Time,clean,0.7717108174114757,0.7612567812781279,0.7613021302130214,0.731004800480048,0.7907233723372337,0.7663347129327279,0.7706708263936217,0.6625919950920616,0.8482284156842755,0.6010309019508051
Genome,Time,deranged,0.9077143521669314,0.8507373585358536,0.8514371437143714,0.8099003900390039,0.887958295829583,0.9041648853515564,0.9067772289410463,0.8538081693774032,0.9383355025771286,0.7466410258963755
Genome,Time,gap,0.6643236987468953,0.6237797659765977,0.6251605160516052,0.5544056405640564,0.6876210621062105,0.659609829834254,0.6634023329048195,0.540811040266876,0.7611803353514546,0.3097883298115508
Genome,Time,residual,0.6535239329780594,0.6202679039903991,0.6210981098109811,0.5605751575157516,0.6765202520252025,0.6540988496759268,0.6585629806773985,0.5268959634778899,0.7577945490523079,0.43478679946001264
Genome,Protein,clean,0.9685718791665758,0.9459244836483647,0.9462106210621062,0.9318202820282029,0.9585718571857186,0.9650761333494889,0.9659841897658992,0.9486218392062152,0.9767442425801908,0.7595971524824766
Genome,Protein,deranged,0.8981381251596391,0.8400196087608761,0.8405760576057606,0.7966735673567357,0.8803981398139814,0.8948355912837346,0.8977825228685543,0.8347463211311241,0.9373979326367946,0.7440997890500388
Genome,Protein,gap,0.886360024258017,0.7746045484548455,0.7767776777677767,0.696944494449445,0.8428580858085808,0.8819912267520711,0.8849059564003612,0.8233595370074357,0.9252954139201065,0.31654967428425146
Genome,Protein,residual,0.8944961562762597,0.7866660390039004,0.7890909090909091,0.7148736873687368,0.8495535553555356,0.8878274403170353,0.8918182260259016,0.8256261179829212,0.930246014260515,0.39435762953955994
Integer,Image,clean,0.3635836622841161,0.3585027698769877,0.35857185718571855,0.3304881488148815,0.38652325232523255,0.35909361432489095,0.3607876875235344,0.17455292998857602,0.534054667865715,0.3282998257233379
Integer,Image,deranged,0.8925752372409489,0.8492275619561956,0.8496189618961896,0.8115448544854486,0.88398499849985,0.8886601931875017,0.8918136829713927,0.8293886025453254,0.929686894396915,0.8819302911474511
Integer,Image,gap,0.05522137267593641,0.02214088688868887,0.02193819381938194,-0.04865286528652865,0.09551875187518749,0.053555526239272094,0.05382516192887932,-0.15504044508170822,0.2616831901901254,0.007598183539553222
Integer,Image,residual,-0.007340451763758006,-0.01983160396039604,-0.02003000300030003,-0.0649036903690369,0.0259372937293729,-0.011239886324466,-0.013071601156330808,-0.21427555248647925,0.1975987802102003,0.031525932512267686
Integer,Time,clean,0.7233155482650917,0.7120723168316831,0.7122352235223522,0.6835637563756376,0.7392058205820582,0.717163534102405,0.7206969832195724,0.6143992399000962,0.8012791134945275,0.5507796184099368
Integer,Time,deranged,0.8840807466615926,0.8350866894689468,0.8357635763576358,0.7938892889288929,0.8734473447344735,0.8801068090121047,0.8834806795312243,0.8172096627998765,0.9246164841237295,0.8368954323986132
Integer,Time,gap,0.5489705601455975,0.5248439135913592,0.5251965196519652,0.4627782778277828,0.583978697869787,0.5441609092037712,0.5472401254012165,0.39030232401736187,0.6753827258509402,0.2987678159467478
Integer,Time,residual,0.5468713898657231,0.5334619693969397,0.5338493849384939,0.48495349534953497,0.58000600060006,0.5384074199707324,0.542254971499738,0.38729922394523025,0.6684454504017469,0.3465854458485683
Integer,Protein,clean,0.7364362396782657,0.7286827146714672,0.7288208820882088,0.6999339933993399,0.7571197119711971,0.7301765628982363,0.7339204695617095,0.6141110773876569,0.8233284759628257,0.7060878115141607
Integer,Protein,deranged,0.8691964059864898,0.8237243180318031,0.8242544254425442,0.7804251425142514,0.8642910291029103,0.8652590436083235,0.8691867250359169,0.7895568694101931,0.9189563011225872,0.8104569528730985
Integer,Protein,gap,0.6297846882087524,0.5497745322532254,0.5513411341134113,0.466028502850285,0.6237263726372637,0.6232773214300844,0.6263520667133493,0.4810511534453724,0.7430649427551674,0.32090657789849714
Integer,Protein,residual,0.5894219776992183,0.5329358715871588,0.5345934593459346,0.4567863786378638,0.6008316831683168,0.5846338928435943,0.5874292589032646,0.43613458965081087,0.7147297530478087,0.3833720259365796
Image,Time,clean,0.31920631789255527,0.3090626162616261,0.3087968796879688,0.27169396939693974,0.34592289228922896,0.3160919928316264,0.32005271888891107,0.10918855684186049,0.5057871170616011,0.2535240927696487
Image,Time,deranged,0.8804841889827356,0.8427600372037203,0.8432643264326433,0.8046789678967897,0.878020102010201,0.8766518094293114,0.8805205098617372,0.8049446074981935,0.9269928312616077,0.8678967525954956
Image,Time,gap,0.11319489725297639,0.07660740474047405,0.07641764176417642,-0.002214521452145209,0.15782838283828382,0.1129613007620294,0.114471802005754,-0.11106809970634814,0.32680923806867135,0.05463306147132477
Image,Time,residual,0.0028779526240960565,-0.008333418541854185,-0.008454845484548454,-0.06253885388538855,0.046567356735673526,0.004806800010415693,0.004834884341771976,-0.21649820174986167,0.2238314438006381,0.025646556199371687
Image,Protein,clean,0.43593232526899184,0.4306565148514852,0.43067506750675066,0.3937110711071107,0.4673159315931593,0.4317303416765217,0.4346497499595039,0.23160547438028328,0.6149009789664611,0.31728281765921645
Image,Protein,deranged,0.8979903596775405,0.8494063198319832,0.8502310231023102,0.81000900090009,0.8852337233723373,0.8940722058412146,0.8972711885154552,0.8347918759172983,0.9338869507113685,0.754600096781921
Image,Protein,gap,0.08408679284259042,0.057291944794479445,0.057743774377437745,-0.03831083108310831,0.15143684368436836,0.08325238633562584,0.08415802088924768,-0.12727623694280787,0.2927435194106877,-0.10455212966592822
Image,Protein,residual,0.041213383698178764,0.0274425202520252,0.027662766276627664,-0.049061206120612065,0.10058445844584456,0.038787918163408486,0.03879245582009945,-0.16599564020310684,0.24190119996037882,0.005751427203730589
Time,Protein,clean,0.7510064639921835,0.7370438103810381,0.7373177317731773,0.705910291029103,0.7674422442244224,0.7454945655745515,0.7496897969077925,0.6357855580659395,0.8319639470627282,0.5599036504654165
Time,Protein,deranged,0.8780534317984446,0.8316256549654965,0.8320912091209121,0.7889825982598261,0.8705550555055506,0.8740844058798506,0.8781003438371955,0.8020464485769989,0.9241619318305927,0.7835888410873442
Time,Protein,gap,0.688749839229495,0.6113603516351636,0.6125892589258926,0.5269579957995799,0.6902031203120312,0.6839604307998607,0.6880205115860748,0.5557804529024526,0.789871025374587,0.10061080839948972
Time,Protein,residual,0.691500279175142,0.619082598259826,0.6196699669966996,0.5441668166816682,0.6899024902490248,0.6845532906158369,0.6887928698067891,0.5618806017494882,0.7811138441538966,0.21989618067555536
