key,label,shot,clean_accuracy,clean_accuracy_stderr,deranged_accuracy,deranged_accuracy_stderr,accuracy_gap,clean_edit_distance,clean_edit_distance_stderr,deranged_edit_distance,deranged_edit_distance_stderr,edit_distance_gap,clean_file,deranged_file,clean_sha256,deranged_sha256
qwen3,Qwen3 14B,1,0.115,0.020387657189009374,0.115,0.020387657189009374,0.0,3.275,0.11581125797929784,3.275,0.11581125797929784,0.0,results/remote_principal_runs/qwen3/clean/Qwen3-14B-Base_ic1.json,results/remote_principal_runs/qwen3/deranged/Qwen3-14B-Base_deranged_ic1.json,7c1c9f9c805aa8500778d3d19fab85c1f4f93e37aaa266d4181554821619c08f,b5e7257016fde00b55aedab76e8f1943918f1de1fe4cc042f0b26219b86bdbf3
qwen3,Qwen3 14B,2,0.16625,0.024876906556040683,0.16125,0.024314789010938687,0.0050000000000000044,2.85,0.10275559411152331,3.0,0.11003901970930974,0.1499999999999999,results/remote_principal_runs/qwen3/clean/Qwen3-14B-Base_ic2.json,results/remote_principal_runs/qwen3/deranged/Qwen3-14B-Base_deranged_ic2.json,13e65231b13ace0c702956db2634cf928e412aa4d4dc480cf6f3f2b157b6a2d3,5254717ba696f84ce4e6c7f3f8132350c43a06daa40d97e0ac9b95aefac0099a
qwen3,Qwen3 14B,4,0.17625,0.025381868876754678,0.1375,0.022717801056627043,0.03874999999999998,2.685,0.11000286956771314,3.07125,0.12188356289525018,0.38625,results/remote_principal_runs/qwen3/clean/Qwen3-14B-Base_ic4.json,results/remote_principal_runs/qwen3/deranged/Qwen3-14B-Base_deranged_ic4.json,78f3d2df1a2ac548e25d2c540002b188ce650afba05d90edd424af0cb364d373,c1938ca718d0379de2c91a027537231e9b7e0f6d49f4198c2d6ae021cc7f0f78
qwen3,Qwen3 14B,8,0.2,0.026172022227461667,0.1475,0.02319085286412849,0.05250000000000002,2.41625,0.10465876188544339,2.96875,0.12513092890523456,0.5525000000000002,results/remote_principal_runs/qwen3/clean/Qwen3-14B-Base_ic8.json,results/remote_principal_runs/qwen3/deranged/Qwen3-14B-Base_deranged_ic8.json,4014e5e87e6dd50f4b004989d97e0ae454e264bd3e8d6ffeea87ba73eaa402ae,13abee4a47d99f909d3e3ac05b615a54b1e3e3cade915c0f77bbf39f4fbe16c5
qwen3,Qwen3 14B,16,0.215,0.029680538125754115,0.16,0.02556680692150696,0.05499999999999999,2.265,0.11623676203544578,2.94125,0.12357080690107117,0.67625,results/remote_principal_runs/qwen3/clean/Qwen3-14B-Base_ic16.json,results/remote_principal_runs/qwen3/deranged/Qwen3-14B-Base_deranged_ic16.json,4579979b743ecfb0b5b3b3d1eb1c40a004de6ce77099b0bdd9749aee8c10bd01,2d0e9fbb020946118a931c19d96efc2c862449913710ac8cd2d9604d2b8c6a64
qwen3,Qwen3 14B,32,0.27875,0.03255991951135412,0.15625,0.02558501129627077,0.1225,1.9125,0.10722775015843802,2.8925,0.12958777883829334,0.98,results/remote_principal_runs/qwen3/clean/Qwen3-14B-Base_ic32.json,results/remote_principal_runs/qwen3/deranged/Qwen3-14B-Base_deranged_ic32.json,531db883f75aff90667dfe615fa63597cecd650a1dfa451f064c74b0203fe71a,b9666fd4f53d3b35083358f97de9d4b7ecbc9af31ebb7a1ee6bf0ad71ed63ce2
qwen3,Qwen3 14B,64,0.28375,0.03275323833168441,0.155,0.027126713510091594,0.12875,1.9125,0.11206425150174548,2.9475,0.144525302737317,1.0349999999999997,results/remote_principal_runs/qwen3/clean/Qwen3-14B-Base_ic64.json,results/remote_principal_runs/qwen3/deranged/Qwen3-14B-Base_deranged_ic64.json,1ac432ee7c7323abede137858a00c8f5e4403b84be62177d0710f552cffdf942,692741f864b2e850add5bafbfb399b1276ae0c1bf10545d81ebf14feed56edfd
evo2,Evo2 40B,1,0.13125,0.022358915131521606,0.13125,0.022358915131521606,0.0,3.1325,0.09173241443778671,3.1325,0.09173241443778671,0.0,results/remote_principal_runs/evo2/clean/evo2_40b_ic1.json,results/remote_principal_runs/evo2/deranged/evo2_40b_deranged_ic1.json,37c8a418abb7a20f0242ff56a72988bb3821f2fa1cf81302510a8e39931785d7,82120fa56a1b9dd6df4678a6d982ea6906c211eaf4edca1e11e62f511b1157be
evo2,Evo2 40B,2,0.1525,0.021874007914011145,0.1375,0.02257842672852459,0.014999999999999986,3.03125,0.1216128850621155,3.0375,0.10486132015498595,0.006250000000000089,results/remote_principal_runs/evo2/clean/evo2_40b_ic2.json,results/remote_principal_runs/evo2/deranged/evo2_40b_deranged_ic2.json,a9733e3d0f4697e914c9bf9d4f461472f70a5bfd804ea50afd9fe6c43ff3cd38,96905553cc16abb735d7802a6f562535f8ec94af5efdd2db8b16c508e5008091
evo2,Evo2 40B,4,0.175,0.02429563289518875,0.175,0.026471826075236588,0.0,2.70375,0.11282437802965181,2.90125,0.12831826702194488,0.19750000000000023,results/remote_principal_runs/evo2/clean/evo2_40b_ic4.json,results/remote_principal_runs/evo2/deranged/evo2_40b_deranged_ic4.json,70ce6936d068bcdc558137dad7d578d9f57d9fba616d65ea9af5f2bb19d2c2c0,afaa2ecb9c1d87a37c64ae80f9c97f70dec5d2347b049b48cda9dd31434e46be
evo2,Evo2 40B,8,0.23,0.027103430771693082,0.16125,0.024701181319642558,0.06875,2.3725,0.11957917583312445,2.8825,0.12619154312217423,0.5099999999999998,results/remote_principal_runs/evo2/clean/evo2_40b_ic8.json,results/remote_principal_runs/evo2/deranged/evo2_40b_deranged_ic8.json,125826cff3c14df0126a8fc938a13b11f962d187431a5645196ebffd64688593,3ef13c4dd29c548307ce46341b26db4e220f81215e6214f4d534622994f9d4cc
evo2,Evo2 40B,16,0.2425,0.027050971341248554,0.17375,0.026105301040674524,0.06875,2.18625,0.12593708095150474,2.7725,0.12092316410085213,0.5862500000000002,results/remote_principal_runs/evo2/clean/evo2_40b_ic16.json,results/remote_principal_runs/evo2/deranged/evo2_40b_deranged_ic16.json,77aa9b83a47cf43c43080a55e50f12ee0aacc6929abef29e3b54c90e132fd2b5,400dd913cdd626f144dcce109baf3292633952fe3ae6ae9d39492f3f0db13b81
evo2,Evo2 40B,32,0.2775,0.029170995349781424,0.155,0.02443296332763787,0.12250000000000003,1.8075,0.10294618335162634,2.90625,0.11876329005907746,1.09875,results/remote_principal_runs/evo2/clean/evo2_40b_ic32.json,results/remote_principal_runs/evo2/deranged/evo2_40b_deranged_ic32.json,351ef86a929bd360e68e95fd33fd2f06f3985e13edba7363ce5ff4288f2ec3e5,5b4652c3720611ff071edb9b517fc792d266dff883f75026bf7ebcb1c91fad9a
evo2,Evo2 40B,64,0.325,0.03102825366101878,0.14125,0.02427321080175144,0.18375000000000002,1.54,0.1070713205147283,2.94375,0.13855056647194544,1.40375,results/remote_principal_runs/evo2/clean/evo2_40b_ic64.json,results/remote_principal_runs/evo2/deranged/evo2_40b_deranged_ic64.json,798a7875c7c3c0ef125be7abb93676bf2b2726cb10b99f53dd48d8e95a2813f6,c7c7d359622f7139a140f73d586819c6539b3177146f963a14d338c330bb54dd
nextterm,NextTerm 440M,1,0.0975,0.014820048528390129,0.0975,0.014820048528390129,0.0,3.1775,0.0886055696313554,3.1775,0.0886055696313554,0.0,results/remote_principal_runs/nextterm/clean/NextTerm-440M_ic1.json,results/remote_principal_runs/nextterm/deranged/NextTerm-440M_ic1.json,0a262e7293f8965b428fba18a868acbb9660c5827292ac103c257c5574575744,c7a8db26509e97e5d6b9988df0a748f00ae33f38df2ba6b57a56bfc29d4863d6
nextterm,NextTerm 440M,2,0.1675,0.022836982676741203,0.11375,0.016485281926676903,0.053750000000000006,2.92375,0.11406591163432525,3.125,0.10232462207517937,0.20124999999999993,results/remote_principal_runs/nextterm/clean/NextTerm-440M_ic2.json,results/remote_principal_runs/nextterm/deranged/NextTerm-440M_ic2.json,3ed0d745fa202acdd992d912e453d47e4aa4939f73c23bc3872a751f4856dce3,61a05a12fd4ffdc5f49625a9b8419a40ba477661ff3597b2b6625cb2dd22c5c3
nextterm,NextTerm 440M,4,0.19125,0.025217175383921063,0.1225,0.021758256298971136,0.06875,2.6375,0.10955747765027683,3.09125,0.11246288669529332,0.4537499999999999,results/remote_principal_runs/nextterm/clean/NextTerm-440M_ic4.json,results/remote_principal_runs/nextterm/deranged/NextTerm-440M_ic4.json,32bb43615925e5f7397ca1899453eff46663fb3d9d6eef10392137dce3b911ee,109ea18d1a091d0dad25fbbc69c6eab082ebf094a5b85a8a8fbc304a86ff9bca
nextterm,NextTerm 440M,8,0.23,0.02807592519860344,0.14875,0.024917477436895208,0.08125000000000002,2.44875,0.12971042680999983,2.925,0.11875830646121285,0.47624999999999984,results/remote_principal_runs/nextterm/clean/NextTerm-440M_ic8.json,results/remote_principal_runs/nextterm/deranged/NextTerm-440M_ic8.json,9b83bda1936163351b237cf7726fc5eafc1c708b3df6eacd80072bc41a8e51da,0c837c6cbd9e807c7e37232192b9fb3c53b6b7980f5e7fd145e4e1d7744cce1a
nextterm,NextTerm 440M,16,0.32,0.035010820838100545,0.15625,0.02570809083427695,0.16375,2.0725,0.13175174658148836,2.81875,0.12110568835742297,0.7462500000000003,results/remote_principal_runs/nextterm/clean/NextTerm-440M_ic16.json,results/remote_principal_runs/nextterm/deranged/NextTerm-440M_ic16.json,199234767b129f151bcfac8c7abda9059f26795fcef6eb6ce291cac5f42e46f3,203ef7346c02c77798ebc5835a35b1f565dba4647de6f00e5d367d820143e80a
nextterm,NextTerm 440M,32,0.39625,0.0380247377613335,0.1575,0.02686361927224328,0.23875,1.81625,0.14356410905616662,2.885,0.1382118853518946,1.0687499999999999,results/remote_principal_runs/nextterm/clean/NextTerm-440M_ic32.json,results/remote_principal_runs/nextterm/deranged/NextTerm-440M_ic32.json,d324057cf36286a75869decdddd88f5425d202137539497274a6a2c53c0a9331,2d060cd393076b7b52d73e0dd6517e5556d82827893f029260055ac2e2dfd3a8
nextterm,NextTerm 440M,64,0.47,0.038316860755832,0.17375,0.028253843485748477,0.29625,1.4675,0.13050528260526004,2.755,0.1288169753227933,1.2874999999999999,results/remote_principal_runs/nextterm/clean/NextTerm-440M_ic64.json,results/remote_principal_runs/nextterm/deranged/NextTerm-440M_ic64.json,9b13fd452a7f894cb4ee62d1fdf8cb3362ae5dea40bdfa0bbefd18c1cd6e64fe,3be295b2f365155fae0011a24687a2f721110eaea20b543dd65256b45d2e0671
imagegpt,ImageGPT large,1,0.19125,0.02333164225473703,0.19125,0.02333164225473703,0.0,2.79,0.08911532081544904,2.79,0.08911532081544904,0.0,results/remote_principal_runs/imagegpt/clean/imagegpt-large-bf16_1shot_leftpad_clean.json,results/remote_principal_runs/imagegpt/deranged/imagegpt-large-bf16_1shot_leftpad_deranged.json,dbae13b0f47de5110cd9785c0d6b4be5dba0a4b17c4117ca480539520565126f,ee99c1e6e61d0cf604344b3fd654fb5fadef6ea2f35e6f2922f14b2f9f6dfb8a
imagegpt,ImageGPT large,2,0.25,0.026650089544451305,0.16625,0.02474969390689203,0.08374999999999999,2.405,0.12290055107502755,2.9625,0.11008920854645037,0.5575000000000001,results/remote_principal_runs/imagegpt/clean/imagegpt-large-bf16_2shot_leftpad_clean.json,results/remote_principal_runs/imagegpt/deranged/imagegpt-large-bf16_2shot_leftpad_deranged.json,a2469fe597342d0423ba1db64c0d93694e450d15f8d7f67e81da60d56239ad60,e1bc9d0e10eba9394043772fee560a50648f2fe53048fc13e34c78bfd6e02d6a
imagegpt,ImageGPT large,4,0.3325,0.031039442161497836,0.18125,0.02514948992393968,0.15125000000000002,2.1025,0.1462858779267776,2.93125,0.12115780624933548,0.8287499999999999,results/remote_principal_runs/imagegpt/clean/imagegpt-large-bf16_4shot_leftpad_clean.json,results/remote_principal_runs/imagegpt/deranged/imagegpt-large-bf16_4shot_leftpad_deranged.json,d3f4543e2cf5d98c77cbfece223cf583c1b80e862f437ca4a4d4efcb7b652b9a,126f35f4961bb1c0249b7e25b148a6b7581345cd4c139da9623085d3dff6abaa
imagegpt,ImageGPT large,8,0.38,0.032659863237109045,0.195,0.02953340857778225,0.185,2.02375,0.14339074563702997,2.87875,0.13266231481746155,0.855,results/remote_principal_runs/imagegpt/clean/imagegpt-large-bf16_8shot_leftpad_clean.json,results/remote_principal_runs/imagegpt/deranged/imagegpt-large-bf16_8shot_leftpad_deranged.json,1fcda9cbf1c49cbefd48a671757b93be40aea521c68f8fcc2370b6dfe1148050,637029e20c179b8d80e945a4ab13482ce656a1efeca5ebd3d000c65e16c334f9
imagegpt,ImageGPT large,16,0.42625,0.03567065787637415,0.17875,0.02707633942329828,0.24750000000000003,1.80375,0.14799005861710762,2.89375,0.13428137153910905,1.0899999999999999,results/remote_principal_runs/imagegpt/clean/imagegpt-large-bf16_16shot_leftpad_clean.json,results/remote_principal_runs/imagegpt/deranged/imagegpt-large-bf16_16shot_leftpad_deranged.json,f53146630bf9dc95a88b9cc29cc9b6033fc0ab4682ef06d59e13bc9ae3ce0ecd,225b44335030a857759ecfcf9881b78199ac254bf8dd8e8521e44a8592ff591b
imagegpt,ImageGPT large,31,0.45125,0.03688018924281515,0.19625,0.029207493071387546,0.255,1.745,0.14779439034747502,2.73375,0.13061450286467371,0.98875,results/remote_principal_runs/imagegpt/clean/imagegpt-large-bf16_31shot_leftpad_clean.json,results/remote_principal_runs/imagegpt/deranged/imagegpt-large-bf16_31shot_leftpad_deranged.json,248eb20283a29148ac6fd420ebf225f7d9d82d9c831e458d2687cefa0debf0eb,dbb173d06b5d62669b7c905d1df783c04e60b864171040bda7fed9108d912002
timesfm,TimesFM 2.5 200M,1,0.12375,0.01661877589117839,0.12375,0.01661877589117839,0.0,3.0675,0.0995320490489309,3.0675,0.0995320490489309,0.0,results/remote_principal_runs/timesfm/clean/timesfm2_5_fp32_sine_lobe_2bit_iozero_ic1.json,results/remote_principal_runs/timesfm/deranged/timesfm2_5_fp32_sine_lobe_2bit_iozero_deranged_ic1.json,80fea9f1657da54a4a99ee3ba7b503d1d233885e01d6e3ebef473492bc3da02c,32fb4a8d482c58d3c87d6f1684efed4df0e944bfb24a9834c59b7aa7bd2cacc5
timesfm,TimesFM 2.5 200M,2,0.18375,0.02333164225473703,0.13625,0.022409681236718052,0.04749999999999999,2.4525,0.10580946998919302,2.83375,0.11859945268325515,0.3812500000000001,results/remote_principal_runs/timesfm/clean/timesfm2_5_fp32_sine_lobe_2bit_iozero_ic2.json,results/remote_principal_runs/timesfm/deranged/timesfm2_5_fp32_sine_lobe_2bit_iozero_deranged_ic2.json,1b5c9d837e284b223901a703bcb11206f534e25e452d7beabfcdffdc5442f8d3,436af85e3d265e10d0ec31a2710368fc1bbb87897a64a2213cb9fde230b2be8f
timesfm,TimesFM 2.5 200M,4,0.20875,0.02481338175544426,0.15125,0.023455779908395948,0.057499999999999996,2.23375,0.12490722567270689,2.8525,0.12456211180358856,0.6187499999999999,results/remote_principal_runs/timesfm/clean/timesfm2_5_fp32_sine_lobe_2bit_iozero_ic4.json,results/remote_principal_runs/timesfm/deranged/timesfm2_5_fp32_sine_lobe_2bit_iozero_deranged_ic4.json,384a7b15f83d714194029b439e11888a699bee7396af39a8674ca39b19634453,94485295bb71fa850c46892e5f740cac1cefbed5a12570a1f0346bba5fad2911
timesfm,TimesFM 2.5 200M,8,0.2325,0.027867154193212534,0.13125,0.02405899472697742,0.10125,2.05375,0.11893433327392529,2.72875,0.11913057039664632,0.6749999999999998,results/remote_principal_runs/timesfm/clean/timesfm2_5_fp32_sine_lobe_2bit_iozero_ic8.json,results/remote_principal_runs/timesfm/deranged/timesfm2_5_fp32_sine_lobe_2bit_iozero_deranged_ic8.json,788dcf6d06ad3cf4f838d9c1007f8012daed7a16657a3e60703f806861435039,b8d290b4d68df92f0af1a64c26ca01b706f8b2bd43a9a0be414b594123ac7e81
timesfm,TimesFM 2.5 200M,16,0.27625,0.02776928531796789,0.14125,0.024142817385573112,0.135,1.89875,0.1303609862743614,2.77375,0.12138321849548739,0.8750000000000002,results/remote_principal_runs/timesfm/clean/timesfm2_5_fp32_sine_lobe_2bit_iozero_ic16.json,results/remote_principal_runs/timesfm/deranged/timesfm2_5_fp32_sine_lobe_2bit_iozero_deranged_ic16.json,a40292e6a5775b2700ce4fe123270df2a954196ba731da3a197efb1ed2d63914,2336cd9a3e4324ea6ed900a6e7f37fc19560bb3e3038313ab195037a423c986a
timesfm,TimesFM 2.5 200M,24,0.285,0.026357104729028368,0.15375,0.02492760983975865,0.13124999999999998,1.7975,0.11498764755794029,2.7325,0.11464729619686861,0.9349999999999998,results/remote_principal_runs/timesfm/clean/timesfm2_5_fp32_sine_lobe_2bit_iozero_ic24.json,results/remote_principal_runs/timesfm/deranged/timesfm2_5_fp32_sine_lobe_2bit_iozero_deranged_ic24.json,eb27952d2662cfa8a1e3667c7e215f64b15e49b99f714a558f9fcd1330522565,b529049e925b94ce32c22331a67a68c2d858e2312d42475a85445901b82f083e
timesfm,TimesFM 2.5 200M,32,0.29875,0.026044772542060658,0.13125,0.02418983998677665,0.1675,1.7675,0.11597495157981053,2.78375,0.11505728426143284,1.0162499999999999,results/remote_principal_runs/timesfm/clean/timesfm2_5_fp32_sine_lobe_2bit_iozero_ic32.json,results/remote_principal_runs/timesfm/deranged/timesfm2_5_fp32_sine_lobe_2bit_iozero_deranged_ic32.json,51617b1e8c7f82a58d84df4a35476b7ddc36b353a285ffd56cbfb1dda297b186,44dbe743b93d6cdfdc2eb14cc799c13fcf46a403b4d84e09d2741e447bfd805f
timesfm,TimesFM 2.5 200M,48,0.32,0.027485074002616273,0.14375,0.024642327775228907,0.17625000000000002,1.76875,0.13508993216641746,2.79625,0.12527312333175433,1.0275,results/remote_principal_runs/timesfm/clean/timesfm2_5_fp32_sine_lobe_2bit_iozero_ic48.json,results/remote_principal_runs/timesfm/deranged/timesfm2_5_fp32_sine_lobe_2bit_iozero_deranged_ic48.json,6ef371250372c4653db9b6e774c0e93415b9bd20503e1702b1218e38d6020936,3499ff253b30ca6d9a07c148d0c6df01bd5cfb21377254abea2c3ffda1bd7d77
progen2,ProGen2 base,1,0.12125,0.018071040368501202,0.12125,0.018071040368501202,0.0,3.07625,0.09633260917731384,3.07625,0.09633260917731384,0.0,results/remote_principal_runs/progen2/clean/ProGen2-base-bf16_ic1.json,results/remote_principal_runs/progen2/deranged/ProGen2-base-bf16_ic1.json,97e6eb9d2b6fae086ea63aa7b48cc4327950a6cfe13de789b77d7a0447ecde98,9fb4c54608c4c6975d0cc2db0d4f0ece11d4719a205028cd3f86726f53f645a3
progen2,ProGen2 base,2,0.14375,0.020130179238189015,0.15875,0.024990844283052906,-0.015000000000000013,2.855,0.10134387405305172,2.9025,0.09806492644151525,0.047499999999999876,results/remote_principal_runs/progen2/clean/ProGen2-base-bf16_ic2.json,results/remote_principal_runs/progen2/deranged/ProGen2-base-bf16_ic2.json,19a22f5876827f6469e34afe5853d5cae44e93f792e5b20eb4c48b8878cedeb0,103a391b306bcf7e9ff8b9eeefb132423cc3645e9606d8ca142f45e3aafb8f86
progen2,ProGen2 base,4,0.16625,0.022336315382096593,0.135,0.023006367146790673,0.03125,2.60875,0.09444239265448028,3.06,0.12634978304994304,0.45124999999999993,results/remote_principal_runs/progen2/clean/ProGen2-base-bf16_ic4.json,results/remote_principal_runs/progen2/deranged/ProGen2-base-bf16_ic4.json,fbbdbe12c263c80bef6a21c3c77dfd26d356085d66f8ed1f4f17765f43b99d6e,f0a1edddf85360476cb2028b135004d6678522d73cc578aeebcefb1cd098186a
progen2,ProGen2 base,8,0.2,0.0267682723394769,0.14,0.02242270674512285,0.06,2.42,0.11219121483818903,2.975,0.11809194329295743,0.5550000000000002,results/remote_principal_runs/progen2/clean/ProGen2-base-bf16_ic8.json,results/remote_principal_runs/progen2/deranged/ProGen2-base-bf16_ic8.json,33832b1084ed5eb282df357e01b73205cf908c94bdde80c51c2071e44e473d34,689957d58ab4b8c927ec80bf218cc08be6d5f122ea660159e8cad368c69db0e0
progen2,ProGen2 base,16,0.22125,0.027857807693624233,0.15875,0.02524219801455611,0.0625,2.2475,0.12257727927287095,2.87875,0.13365792639375634,0.6312500000000001,results/remote_principal_runs/progen2/clean/ProGen2-base-bf16_ic16.json,results/remote_principal_runs/progen2/deranged/ProGen2-base-bf16_ic16.json,a55e0cc5faf0cab6c8887befa1294b98c48bf0a35f815eb3e8d27ce6e371d4a7,2a21a9527f7017b97f68f38a9003971d927ccae91fb432472600e4dd11bb7dfd
progen2,ProGen2 base,32,0.26375,0.029882714759776118,0.1475,0.025708397794722976,0.11624999999999999,2.02375,0.11631026460083027,2.89125,0.1254116328396818,0.8674999999999997,results/remote_principal_runs/progen2/clean/ProGen2-base-bf16_ic32.json,results/remote_principal_runs/progen2/deranged/ProGen2-base-bf16_ic32.json,2d7efa7cc8a1e5ad0fcf30449d8437aaf96a7a6df25544adb6f5afbdfd14a2a0,a311a85a757025c521b2d520b03b293f424a1440af2a04f5371a29bc4b1bf1cb
progen2,ProGen2 base,48,0.285,0.02946706773345595,0.1575,0.025600120343782794,0.12749999999999997,1.99375,0.12695907984285904,2.87875,0.12725807658280694,0.8850000000000002,results/remote_principal_runs/progen2/clean/ProGen2-base-bf16_ic48.json,results/remote_principal_runs/progen2/deranged/ProGen2-base-bf16_ic48.json,5c1a739dd7499488132683080b419a75fb801123c47d5a6e2de8bbc5dd520831,e7b02a392f4860376180141305846033cebee8f318ce5e75371e4419c05fe736
chessgpt,ChessGPT 50M,1,0.0875,0.012873216263610932,0.0875,0.012873216263610932,0.0,1.8025,0.05041431875324247,1.8025,0.05041431875324247,0.0,results/remote_principal_runs/chessgpt/clean/Chess-50M-bf16_signal2-wipe_bit4_ic1.json,results/remote_principal_runs/chessgpt/deranged/Chess-50M-bf16_signal2-wipe_bit4_deranged_ic1.json,efccb0315f5942b736ffc94c563ee3e6141efe76519ab5ed2374188767655ee8,ca624d6cf7d95e3075098b64d1d01441f8058a2207e4942a11854df5f8478688
chessgpt,ChessGPT 50M,2,0.095,0.01377580223699249,0.09375,0.012609995834634322,0.0012500000000000011,1.70875,0.0467050369852972,1.75125,0.04745728408928721,0.04249999999999998,results/remote_principal_runs/chessgpt/clean/Chess-50M-bf16_signal2-wipe_bit4_ic2.json,results/remote_principal_runs/chessgpt/deranged/Chess-50M-bf16_signal2-wipe_bit4_deranged_ic2.json,cb76f2bcb0dd22bcc4976d13fc87a49c2bcdc70cb3d1638a508c13ed7dfcdc4c,64a9dad08c7cfcb874440ad758df53f1cd764546cdfb205a7d69615a1d1b2da3
chessgpt,ChessGPT 50M,4,0.1175,0.014845585678625622,0.11625,0.014997369297933083,0.0012499999999999872,1.66125,0.050103900884445954,1.73875,0.05276732684937037,0.07750000000000012,results/remote_principal_runs/chessgpt/clean/Chess-50M-bf16_signal2-wipe_bit4_ic4.json,results/remote_principal_runs/chessgpt/deranged/Chess-50M-bf16_signal2-wipe_bit4_deranged_ic4.json,348e40701fbbebc2f6d3c75969317cba98338ca6b28c9d447d06c4cd9ed3bb5b,98fc8e4738c84631c77593780d28e5bda54a08b18d04b58a00fd8e46663d68eb
chessgpt,ChessGPT 50M,8,0.1725,0.021005350448748704,0.175,0.018378044652588188,-0.0025000000000000022,1.6225,0.0641814229392357,1.64875,0.06227725459101372,0.026249999999999885,results/remote_principal_runs/chessgpt/clean/Chess-50M-bf16_signal2-wipe_bit4_ic8.json,results/remote_principal_runs/chessgpt/deranged/Chess-50M-bf16_signal2-wipe_bit4_deranged_ic8.json,11179fda2a07504565200c043bdbaddac5dbd5a019abfac35fc1111ec4e40f8f,4c8216a9cebfad5cfa19175ed565e4d87d5612aabcc1496a0431f276466cb3bc
musicroll,MusicRoll 50M,2,0.1725,0.02699022456783608,0.18,0.026904714017503262,-0.007500000000000007,2.83,0.11940138993827468,2.79375,0.10248452396101156,-0.03624999999999989,results/remote_principal_runs/musicroll/clean/musicroll-50m_music_slice-pitch_constrained_clean_ic2.json,results/remote_principal_runs/musicroll/deranged/musicroll-50m_music_slice-pitch_constrained_deranged_ic2.json,5af8706eca25e25ce663cd021bd84bc1977312435c17792d8ec3ab54eb153dc7,8f9d5050efe32e2a9d51761b83fc95da31d0acc95136249874c47f43dea77925
musicroll,MusicRoll 50M,4,0.16875,0.02595249885790763,0.16,0.026357104729028368,0.008750000000000008,2.8475,0.12311174812036633,2.88125,0.1230834769495069,0.03374999999999995,results/remote_principal_runs/musicroll/clean/musicroll-50m_music_slice-pitch_constrained_clean_ic4.json,results/remote_principal_runs/musicroll/deranged/musicroll-50m_music_slice-pitch_constrained_deranged_ic4.json,f95b168a9f8684a23cacb840883d1d0361d1069f51ed61c10fc7a8329cc1a77a,ab741de9989ecb22e2e2bd78e10eb6efe11156b5f6898cc7125668621f3a2852
musicroll,MusicRoll 50M,8,0.1725,0.024859453418014328,0.1875,0.02709061673627079,-0.015000000000000013,2.89,0.1211435412052891,2.71875,0.11599339007203832,-0.17125000000000012,results/remote_principal_runs/musicroll/clean/musicroll-50m_music_slice-pitch_constrained_clean_ic8.json,results/remote_principal_runs/musicroll/deranged/musicroll-50m_music_slice-pitch_constrained_deranged_ic8.json,59b9881ae129e38c923324ce65635539ec8f626d51c319007b8df4ab9190becc,b1217f55820f3363c96b414306652064f09c571643f44d4239893f37b1144837
musicroll,MusicRoll 50M,16,0.16375,0.025727728919466158,0.1625,0.027206886011902326,0.0012500000000000011,2.8025,0.10726718976462468,2.9075,0.12538602011549788,0.10499999999999998,results/remote_principal_runs/musicroll/clean/musicroll-50m_music_slice-pitch_constrained_clean_ic16.json,results/remote_principal_runs/musicroll/deranged/musicroll-50m_music_slice-pitch_constrained_deranged_ic16.json,2c0a614c9077bdfbb6eea9c9b2976e34c8a3844f2e7b9ffecda841f00f037663,8f765288b455367628cfcd8b379e707dbce6e4785c63cc748103129e6d832977
musicroll,MusicRoll 50M,32,0.14875,0.02472672612475183,0.155,0.025630927498716167,-0.0062500000000000056,2.935,0.12795102440568676,2.875,0.1241002974951464,-0.06000000000000005,results/remote_principal_runs/musicroll/clean/musicroll-50m_music_slice-pitch_constrained_clean_ic32.json,results/remote_principal_runs/musicroll/deranged/musicroll-50m_music_slice-pitch_constrained_deranged_ic32.json,8af0fbd60fa38ff097c4cf5b3f8a853a3168cb1dfbb60b740f3c0224f0f49416,4265e3a1fabb98d0e401a0975d913e80e45e568bdb29ae28b5ac9b0bc6b6d943
