run_key,label,family,canonical,condition,shot,model,seed,tasks,trials_per_task,total_predictions,mean_accuracy,accuracy_task_cluster_se,mean_edit_distance,edit_distance_task_cluster_se,path
qwen3,Qwen3 14B,qwen3,True,clean,1,Qwen/Qwen3-14B-Base,1327989894,100,128,12800,0.1284375,0.017422393419269586,3.216484375,0.06835657191222642,qwen3/clean/Qwen3-14B-Base_ic1.json
qwen3,Qwen3 14B,qwen3,True,clean,2,Qwen/Qwen3-14B-Base,1604568574,100,128,12800,0.155390625,0.02090096001898286,2.98765625,0.08543645402042364,qwen3/clean/Qwen3-14B-Base_ic2.json
qwen3,Qwen3 14B,qwen3,True,clean,4,Qwen/Qwen3-14B-Base,1891216790,100,128,12800,0.16859375,0.021858698155509206,2.74765625,0.09217977545320974,qwen3/clean/Qwen3-14B-Base_ic4.json
qwen3,Qwen3 14B,qwen3,True,clean,8,Qwen/Qwen3-14B-Base,1909800047,100,128,12800,0.191015625,0.023553316277804527,2.51546875,0.09369651909952041,qwen3/clean/Qwen3-14B-Base_ic8.json
qwen3,Qwen3 14B,qwen3,True,clean,16,Qwen/Qwen3-14B-Base,1813863336,100,128,12800,0.233671875,0.027094051774369982,2.232734375,0.09465318143027707,qwen3/clean/Qwen3-14B-Base_ic16.json
qwen3,Qwen3 14B,qwen3,True,clean,32,Qwen/Qwen3-14B-Base,870204797,100,128,12800,0.268671875,0.029710520505454273,1.998515625,0.09794717996266201,qwen3/clean/Qwen3-14B-Base_ic32.json
qwen3,Qwen3 14B,qwen3,True,clean,64,Qwen/Qwen3-14B-Base,1958817553,100,128,12800,0.299609375,0.03098557934249201,1.849765625,0.09771219073269874,qwen3/clean/Qwen3-14B-Base_ic64.json
qwen3,Qwen3 14B,qwen3,True,deranged,1,Qwen/Qwen3-14B-Base,1327989894,100,128,12800,0.1284375,0.017422393419269586,3.216484375,0.06835657191222642,qwen3/deranged/Qwen3-14B-Base_deranged_ic1.json
qwen3,Qwen3 14B,qwen3,True,deranged,2,Qwen/Qwen3-14B-Base,1604568574,100,128,12800,0.14796875,0.02091184896942582,3.114140625,0.08522394409666738,qwen3/deranged/Qwen3-14B-Base_deranged_ic2.json
qwen3,Qwen3 14B,qwen3,True,deranged,4,Qwen/Qwen3-14B-Base,1891216790,100,128,12800,0.147265625,0.020925569670792492,3.001875,0.1035861023065687,qwen3/deranged/Qwen3-14B-Base_deranged_ic4.json
qwen3,Qwen3 14B,qwen3,True,deranged,8,Qwen/Qwen3-14B-Base,1909800047,100,128,12800,0.14625,0.02173620061418627,2.96609375,0.11398546351234602,qwen3/deranged/Qwen3-14B-Base_deranged_ic8.json
qwen3,Qwen3 14B,qwen3,True,deranged,16,Qwen/Qwen3-14B-Base,1813863336,100,128,12800,0.15390625,0.023034867559867396,2.9525,0.1159848154321376,qwen3/deranged/Qwen3-14B-Base_deranged_ic16.json
qwen3,Qwen3 14B,qwen3,True,deranged,32,Qwen/Qwen3-14B-Base,870204797,100,128,12800,0.158203125,0.02357320116385521,2.95765625,0.11998919300262456,qwen3/deranged/Qwen3-14B-Base_deranged_ic32.json
qwen3,Qwen3 14B,qwen3,True,deranged,64,Qwen/Qwen3-14B-Base,1958817553,100,128,12800,0.16078125,0.025065801778465985,2.945859375,0.12566776609924868,qwen3/deranged/Qwen3-14B-Base_deranged_ic64.json
evo2,Evo2 40B,evo2,True,clean,1,arcinstitute/evo2_40b,42,100,128,12800,0.128203125,0.0173833449406312,3.191484375,0.059123134122429664,evo2/clean/evo2_40b_ic1.json
evo2,Evo2 40B,evo2,True,clean,2,arcinstitute/evo2_40b,42,100,128,12800,0.155546875,0.020116115235104134,2.925625,0.0691835111209052,evo2/clean/evo2_40b_ic2.json
evo2,Evo2 40B,evo2,True,clean,4,arcinstitute/evo2_40b,42,100,128,12800,0.179921875,0.022665487874160263,2.674765625,0.09130395206680206,evo2/clean/evo2_40b_ic4.json
evo2,Evo2 40B,evo2,True,clean,8,arcinstitute/evo2_40b,42,100,128,12800,0.215234375,0.02450669767718363,2.3784375,0.10046729566198434,evo2/clean/evo2_40b_ic8.json
evo2,Evo2 40B,evo2,True,clean,16,arcinstitute/evo2_40b,42,100,128,12800,0.238203125,0.024246480082308577,2.116328125,0.102926680707501,evo2/clean/evo2_40b_ic16.json
evo2,Evo2 40B,evo2,True,clean,32,arcinstitute/evo2_40b,42,100,128,12800,0.275546875,0.02435490275436787,1.842109375,0.0985569445656053,evo2/clean/evo2_40b_ic32.json
evo2,Evo2 40B,evo2,True,clean,64,arcinstitute/evo2_40b,42,100,128,12800,0.33234375,0.026139829195609355,1.621640625,0.10039712706904338,evo2/clean/evo2_40b_ic64.json
evo2,Evo2 40B,evo2,True,deranged,1,arcinstitute/evo2_40b,42,100,128,12800,0.128203125,0.0173833449406312,3.191484375,0.059123134122429664,evo2/deranged/evo2_40b_deranged_ic1.json
evo2,Evo2 40B,evo2,True,deranged,2,arcinstitute/evo2_40b,42,100,128,12800,0.145859375,0.020581172525961748,3.101171875,0.07368351621743233,evo2/deranged/evo2_40b_deranged_ic2.json
evo2,Evo2 40B,evo2,True,deranged,4,arcinstitute/evo2_40b,42,100,128,12800,0.1553125,0.02291351347108615,2.985625,0.09681475959779343,evo2/deranged/evo2_40b_deranged_ic4.json
evo2,Evo2 40B,evo2,True,deranged,8,arcinstitute/evo2_40b,42,100,128,12800,0.1625,0.02341644677320458,2.89640625,0.10611341511563539,evo2/deranged/evo2_40b_deranged_ic8.json
evo2,Evo2 40B,evo2,True,deranged,16,arcinstitute/evo2_40b,42,100,128,12800,0.155703125,0.022635220506251642,2.865390625,0.11424028877695198,evo2/deranged/evo2_40b_deranged_ic16.json
evo2,Evo2 40B,evo2,True,deranged,32,arcinstitute/evo2_40b,42,100,128,12800,0.14828125,0.022749524992612926,2.87953125,0.11385400746648051,evo2/deranged/evo2_40b_deranged_ic32.json
evo2,Evo2 40B,evo2,True,deranged,64,arcinstitute/evo2_40b,42,100,128,12800,0.152265625,0.023327682273194435,2.85203125,0.11517307022560677,evo2/deranged/evo2_40b_deranged_ic64.json
nextterm,NextTerm 440M,nextterm,True,clean,1,N8Programs/NextTerm-440M,42,100,128,12800,0.091796875,0.011530407255995334,3.216328125,0.06294954479334912,nextterm/clean/NextTerm-440M_ic1.json
nextterm,NextTerm 440M,nextterm,True,clean,2,N8Programs/NextTerm-440M,42,100,128,12800,0.14921875,0.019902407736952434,2.87796875,0.0880226390011134,nextterm/clean/NextTerm-440M_ic2.json
nextterm,NextTerm 440M,nextterm,True,clean,4,N8Programs/NextTerm-440M,42,100,128,12800,0.198671875,0.02421945130745765,2.608125,0.09577835987079306,nextterm/clean/NextTerm-440M_ic4.json
nextterm,NextTerm 440M,nextterm,True,clean,8,N8Programs/NextTerm-440M,42,100,128,12800,0.257734375,0.02839323352022554,2.33890625,0.1101442320079361,nextterm/clean/NextTerm-440M_ic8.json
nextterm,NextTerm 440M,nextterm,True,clean,16,N8Programs/NextTerm-440M,42,100,128,12800,0.338671875,0.03327861108799736,2.034453125,0.12240666734570069,nextterm/clean/NextTerm-440M_ic16.json
nextterm,NextTerm 440M,nextterm,True,clean,32,N8Programs/NextTerm-440M,42,100,128,12800,0.41234375,0.03604893584187249,1.745546875,0.12393362485911122,nextterm/clean/NextTerm-440M_ic32.json
nextterm,NextTerm 440M,nextterm,True,clean,64,N8Programs/NextTerm-440M,42,100,128,12800,0.48125,0.03734216838183169,1.47984375,0.1245145333380386,nextterm/clean/NextTerm-440M_ic64.json
nextterm,NextTerm 440M,nextterm,True,deranged,1,N8Programs/NextTerm-440M,42,100,128,12800,0.091796875,0.011530407255995334,3.216328125,0.06294954479334912,nextterm/deranged/NextTerm-440M_ic1.json
nextterm,NextTerm 440M,nextterm,True,deranged,2,N8Programs/NextTerm-440M,42,100,128,12800,0.122734375,0.01747079677739655,3.07734375,0.07584435503851929,nextterm/deranged/NextTerm-440M_ic2.json
nextterm,NextTerm 440M,nextterm,True,deranged,4,N8Programs/NextTerm-440M,42,100,128,12800,0.1396875,0.020422161733455745,2.992421875,0.08808269067441639,nextterm/deranged/NextTerm-440M_ic4.json
nextterm,NextTerm 440M,nextterm,True,deranged,8,N8Programs/NextTerm-440M,42,100,128,12800,0.15203125,0.023307303569914006,2.916171875,0.10227917394388955,nextterm/deranged/NextTerm-440M_ic8.json
nextterm,NextTerm 440M,nextterm,True,deranged,16,N8Programs/NextTerm-440M,42,100,128,12800,0.161875,0.02507290899491265,2.846484375,0.10874385988694527,nextterm/deranged/NextTerm-440M_ic16.json
nextterm,NextTerm 440M,nextterm,True,deranged,32,N8Programs/NextTerm-440M,42,100,128,12800,0.16484375,0.0251420120163277,2.846796875,0.11489722711102406,nextterm/deranged/NextTerm-440M_ic32.json
nextterm,NextTerm 440M,nextterm,True,deranged,64,N8Programs/NextTerm-440M,42,100,128,12800,0.1671875,0.025394418665696732,2.844765625,0.11403983182243323,nextterm/deranged/NextTerm-440M_ic64.json
imagegpt,ImageGPT large,imagegpt,True,clean,1,N8Programs/imagegpt-large-bf16,42,100,128,12800,0.19234375,0.021526346456775855,2.8346875,0.07730645367720086,imagegpt/clean/imagegpt-large-bf16_1shot_leftpad_clean.json
imagegpt,ImageGPT large,imagegpt,True,clean,2,N8Programs/imagegpt-large-bf16,42,100,128,12800,0.271171875,0.023733737859762585,2.39109375,0.0969489741290483,imagegpt/clean/imagegpt-large-bf16_2shot_leftpad_clean.json
imagegpt,ImageGPT large,imagegpt,True,clean,4,N8Programs/imagegpt-large-bf16,42,100,128,12800,0.348828125,0.0286198605997736,2.125625,0.1206749938104631,imagegpt/clean/imagegpt-large-bf16_4shot_leftpad_clean.json
imagegpt,ImageGPT large,imagegpt,True,clean,8,N8Programs/imagegpt-large-bf16,42,100,128,12800,0.38890625,0.030825634244286037,1.9878125,0.12702084902038163,imagegpt/clean/imagegpt-large-bf16_8shot_leftpad_clean.json
imagegpt,ImageGPT large,imagegpt,True,clean,16,N8Programs/imagegpt-large-bf16,42,100,128,12800,0.41453125,0.03293193525937094,1.84734375,0.13344839137032583,imagegpt/clean/imagegpt-large-bf16_16shot_leftpad_clean.json
imagegpt,ImageGPT large,imagegpt,True,clean,31,N8Programs/imagegpt-large-bf16,42,100,128,12800,0.435,0.03431915516589103,1.762578125,0.13556072497503394,imagegpt/clean/imagegpt-large-bf16_31shot_leftpad_clean.json
imagegpt,ImageGPT large,imagegpt,True,deranged,1,N8Programs/imagegpt-large-bf16,42,100,128,12800,0.19234375,0.021526346456775855,2.8346875,0.07730645367720086,imagegpt/deranged/imagegpt-large-bf16_1shot_leftpad_deranged.json
imagegpt,ImageGPT large,imagegpt,True,deranged,2,N8Programs/imagegpt-large-bf16,42,100,128,12800,0.1784375,0.023995031182822965,2.966328125,0.08950179179322301,imagegpt/deranged/imagegpt-large-bf16_2shot_leftpad_deranged.json
imagegpt,ImageGPT large,imagegpt,True,deranged,4,N8Programs/imagegpt-large-bf16,42,100,128,12800,0.18203125,0.02520519776861361,2.94203125,0.09883915396149374,imagegpt/deranged/imagegpt-large-bf16_4shot_leftpad_deranged.json
imagegpt,ImageGPT large,imagegpt,True,deranged,8,N8Programs/imagegpt-large-bf16,42,100,128,12800,0.183203125,0.025801060599171886,2.93,0.10747348937924062,imagegpt/deranged/imagegpt-large-bf16_8shot_leftpad_deranged.json
imagegpt,ImageGPT large,imagegpt,True,deranged,16,N8Programs/imagegpt-large-bf16,42,100,128,12800,0.1884375,0.02660871277097565,2.861171875,0.11208382700400674,imagegpt/deranged/imagegpt-large-bf16_16shot_leftpad_deranged.json
imagegpt,ImageGPT large,imagegpt,True,deranged,31,N8Programs/imagegpt-large-bf16,42,100,128,12800,0.182578125,0.02563043078653778,2.88546875,0.11860408636633715,imagegpt/deranged/imagegpt-large-bf16_31shot_leftpad_deranged.json
timesfm,TimesFM 2.5 200M,timesfm,True,clean,1,google/timesfm-2.5-200m-transformers,42,100,128,12800,0.108671875,0.012161052772096913,3.0653125,0.06819658602168166,timesfm/clean/timesfm2_5_fp32_sine_lobe_2bit_iozero_ic1.json
timesfm,TimesFM 2.5 200M,timesfm,True,clean,2,google/timesfm-2.5-200m-transformers,42,100,128,12800,0.170546875,0.019586901459574705,2.5265625,0.09236582062260161,timesfm/clean/timesfm2_5_fp32_sine_lobe_2bit_iozero_ic2.json
timesfm,TimesFM 2.5 200M,timesfm,True,clean,4,google/timesfm-2.5-200m-transformers,42,100,128,12800,0.209375,0.022071682979595546,2.24546875,0.10345520410035,timesfm/clean/timesfm2_5_fp32_sine_lobe_2bit_iozero_ic4.json
timesfm,TimesFM 2.5 200M,timesfm,True,clean,8,google/timesfm-2.5-200m-transformers,42,100,128,12800,0.245625,0.022790501535228942,2.048515625,0.10732288080947801,timesfm/clean/timesfm2_5_fp32_sine_lobe_2bit_iozero_ic8.json
timesfm,TimesFM 2.5 200M,timesfm,True,clean,16,google/timesfm-2.5-200m-transformers,42,100,128,12800,0.28421875,0.02393974183959783,1.875234375,0.10790375332011112,timesfm/clean/timesfm2_5_fp32_sine_lobe_2bit_iozero_ic16.json
timesfm,TimesFM 2.5 200M,timesfm,True,clean,24,google/timesfm-2.5-200m-transformers,42,100,128,12800,0.300625,0.024051685307480024,1.788984375,0.10790655522337826,timesfm/clean/timesfm2_5_fp32_sine_lobe_2bit_iozero_ic24.json
timesfm,TimesFM 2.5 200M,timesfm,True,clean,32,google/timesfm-2.5-200m-transformers,42,100,128,12800,0.307109375,0.023941007559021614,1.7665625,0.11150120865376303,timesfm/clean/timesfm2_5_fp32_sine_lobe_2bit_iozero_ic32.json
timesfm,TimesFM 2.5 200M,timesfm,True,clean,48,google/timesfm-2.5-200m-transformers,42,100,128,12800,0.325703125,0.024450361588296672,1.727421875,0.1165989479275373,timesfm/clean/timesfm2_5_fp32_sine_lobe_2bit_iozero_ic48.json
timesfm,TimesFM 2.5 200M,timesfm,True,deranged,1,google/timesfm-2.5-200m-transformers,42,100,128,12800,0.1084375,0.01213119927692496,3.065234375,0.06820154489098387,timesfm/deranged/timesfm2_5_fp32_sine_lobe_2bit_iozero_deranged_ic1.json
timesfm,TimesFM 2.5 200M,timesfm,True,deranged,2,google/timesfm-2.5-200m-transformers,42,100,128,12800,0.14328125,0.02034138025577977,2.846640625,0.09501745133676531,timesfm/deranged/timesfm2_5_fp32_sine_lobe_2bit_iozero_deranged_ic2.json
timesfm,TimesFM 2.5 200M,timesfm,True,deranged,4,google/timesfm-2.5-200m-transformers,42,100,128,12800,0.15671875,0.022212244124862755,2.72359375,0.10610964785827892,timesfm/deranged/timesfm2_5_fp32_sine_lobe_2bit_iozero_deranged_ic4.json
timesfm,TimesFM 2.5 200M,timesfm,True,deranged,8,google/timesfm-2.5-200m-transformers,42,100,128,12800,0.150546875,0.022880549783096036,2.742109375,0.10667964827408763,timesfm/deranged/timesfm2_5_fp32_sine_lobe_2bit_iozero_deranged_ic8.json
timesfm,TimesFM 2.5 200M,timesfm,True,deranged,16,google/timesfm-2.5-200m-transformers,42,100,128,12800,0.1425,0.022812889162309502,2.75765625,0.10707688835655949,timesfm/deranged/timesfm2_5_fp32_sine_lobe_2bit_iozero_deranged_ic16.json
timesfm,TimesFM 2.5 200M,timesfm,True,deranged,24,google/timesfm-2.5-200m-transformers,42,100,128,12800,0.141484375,0.023108458105132967,2.732578125,0.10647083772992534,timesfm/deranged/timesfm2_5_fp32_sine_lobe_2bit_iozero_deranged_ic24.json
timesfm,TimesFM 2.5 200M,timesfm,True,deranged,32,google/timesfm-2.5-200m-transformers,42,100,128,12800,0.140390625,0.022634730233964846,2.767890625,0.10923570083080296,timesfm/deranged/timesfm2_5_fp32_sine_lobe_2bit_iozero_deranged_ic32.json
timesfm,TimesFM 2.5 200M,timesfm,True,deranged,48,google/timesfm-2.5-200m-transformers,42,100,128,12800,0.140234375,0.023061048436686712,2.775234375,0.10889640142082069,timesfm/deranged/timesfm2_5_fp32_sine_lobe_2bit_iozero_deranged_ic48.json
progen2,ProGen2 base,progen2,True,clean,1,N8Programs/ProGen2-base-bf16,42,100,128,12800,0.124609375,0.016414092566973987,3.08,0.06197221520095018,progen2/clean/ProGen2-base-bf16_ic1.json
progen2,ProGen2 base,progen2,True,clean,2,N8Programs/ProGen2-base-bf16,42,100,128,12800,0.13734375,0.017850221168221395,2.883515625,0.07196338910411473,progen2/clean/ProGen2-base-bf16_ic2.json
progen2,ProGen2 base,progen2,True,clean,4,N8Programs/ProGen2-base-bf16,42,100,128,12800,0.166640625,0.020295816465853867,2.656015625,0.08881978205781181,progen2/clean/ProGen2-base-bf16_ic4.json
progen2,ProGen2 base,progen2,True,clean,8,N8Programs/ProGen2-base-bf16,42,100,128,12800,0.19453125,0.022539756236260082,2.45125,0.09300976436993189,progen2/clean/ProGen2-base-bf16_ic8.json
progen2,ProGen2 base,progen2,True,clean,16,N8Programs/ProGen2-base-bf16,42,100,128,12800,0.219140625,0.023710368388303447,2.284765625,0.09840094061908876,progen2/clean/ProGen2-base-bf16_ic16.json
progen2,ProGen2 base,progen2,True,clean,32,N8Programs/ProGen2-base-bf16,42,100,128,12800,0.249765625,0.024990246035571616,2.114765625,0.09721968041382169,progen2/clean/ProGen2-base-bf16_ic32.json
progen2,ProGen2 base,progen2,True,clean,48,N8Programs/ProGen2-base-bf16,42,100,128,12800,0.26421875,0.025125793251272326,2.0190625,0.09560876448709468,progen2/clean/ProGen2-base-bf16_ic48.json
progen2,ProGen2 base,progen2,True,deranged,1,N8Programs/ProGen2-base-bf16,42,100,128,12800,0.124609375,0.016414092566973987,3.08,0.06197221520095018,progen2/deranged/ProGen2-base-bf16_ic1.json
progen2,ProGen2 base,progen2,True,deranged,2,N8Programs/ProGen2-base-bf16,42,100,128,12800,0.126953125,0.018030360381810127,3.07359375,0.07380313588565318,progen2/deranged/ProGen2-base-bf16_ic2.json
progen2,ProGen2 base,progen2,True,deranged,4,N8Programs/ProGen2-base-bf16,42,100,128,12800,0.148203125,0.02128026030558492,2.936953125,0.09253528701922457,progen2/deranged/ProGen2-base-bf16_ic4.json
progen2,ProGen2 base,progen2,True,deranged,8,N8Programs/ProGen2-base-bf16,42,100,128,12800,0.1525,0.022121201986688217,2.91609375,0.10126885604480959,progen2/deranged/ProGen2-base-bf16_ic8.json
progen2,ProGen2 base,progen2,True,deranged,16,N8Programs/ProGen2-base-bf16,42,100,128,12800,0.157421875,0.02284752369504019,2.89296875,0.10690220230379796,progen2/deranged/ProGen2-base-bf16_ic16.json
progen2,ProGen2 base,progen2,True,deranged,32,N8Programs/ProGen2-base-bf16,42,100,128,12800,0.15859375,0.023987008325728337,2.8784375,0.107122326554426,progen2/deranged/ProGen2-base-bf16_ic32.json
progen2,ProGen2 base,progen2,True,deranged,48,N8Programs/ProGen2-base-bf16,42,100,128,12800,0.165078125,0.02441073178037692,2.855,0.10848030531582284,progen2/deranged/ProGen2-base-bf16_ic48.json
qwen3_0_6b,Qwen3 0.6B,qwen3,False,clean,1,Qwen/Qwen3-0.6B-Base,28035151,100,128,12800,0.133125,0.01897484608041005,3.139609375,0.06727211012831867,qwen3_family/qwen3_0_6b/clean/Qwen3-0.6B-Base_ic1.json
qwen3_0_6b,Qwen3 0.6B,qwen3,False,clean,2,Qwen/Qwen3-0.6B-Base,2087478897,100,128,12800,0.1434375,0.019995437255733613,2.973046875,0.07853666595172182,qwen3_family/qwen3_0_6b/clean/Qwen3-0.6B-Base_ic2.json
qwen3_0_6b,Qwen3 0.6B,qwen3,False,clean,4,Qwen/Qwen3-0.6B-Base,1893874910,100,128,12800,0.1553125,0.020948509750430673,2.875546875,0.0923045433137657,qwen3_family/qwen3_0_6b/clean/Qwen3-0.6B-Base_ic4.json
qwen3_0_6b,Qwen3 0.6B,qwen3,False,clean,8,Qwen/Qwen3-0.6B-Base,763767702,100,128,12800,0.1578125,0.020635304091213887,2.746796875,0.0990436543443817,qwen3_family/qwen3_0_6b/clean/Qwen3-0.6B-Base_ic8.json
qwen3_0_6b,Qwen3 0.6B,qwen3,False,clean,16,Qwen/Qwen3-0.6B-Base,330358427,100,128,12800,0.161484375,0.02059045659804264,2.650859375,0.102836421813944,qwen3_family/qwen3_0_6b/clean/Qwen3-0.6B-Base_ic16.json
qwen3_0_6b,Qwen3 0.6B,qwen3,False,clean,32,Qwen/Qwen3-0.6B-Base,204944796,100,128,12800,0.177421875,0.02096969312626718,2.476328125,0.09883811072141022,qwen3_family/qwen3_0_6b/clean/Qwen3-0.6B-Base_ic32.json
qwen3_0_6b,Qwen3 0.6B,qwen3,False,clean,64,Qwen/Qwen3-0.6B-Base,579850918,100,128,12800,0.2040625,0.02188296887678575,2.2696875,0.09379283270262487,qwen3_family/qwen3_0_6b/clean/Qwen3-0.6B-Base_ic64.json
qwen3_0_6b,Qwen3 0.6B,qwen3,False,deranged,1,Qwen/Qwen3-0.6B-Base,28035151,100,128,12800,0.133125,0.01897484608041005,3.139609375,0.06727211012831867,qwen3_family/qwen3_0_6b/deranged/Qwen3-0.6B-Base_deranged_ic1.json
qwen3_0_6b,Qwen3 0.6B,qwen3,False,deranged,2,Qwen/Qwen3-0.6B-Base,2087478897,100,128,12800,0.1465625,0.020498047744408998,3.05421875,0.07955988339216966,qwen3_family/qwen3_0_6b/deranged/Qwen3-0.6B-Base_deranged_ic2.json
qwen3_0_6b,Qwen3 0.6B,qwen3,False,deranged,4,Qwen/Qwen3-0.6B-Base,1893874910,100,128,12800,0.1484375,0.02073782558606082,3.01375,0.09898612299196823,qwen3_family/qwen3_0_6b/deranged/Qwen3-0.6B-Base_deranged_ic4.json
qwen3_0_6b,Qwen3 0.6B,qwen3,False,deranged,8,Qwen/Qwen3-0.6B-Base,763767702,100,128,12800,0.140703125,0.02042071715724946,2.993046875,0.10833253062557728,qwen3_family/qwen3_0_6b/deranged/Qwen3-0.6B-Base_deranged_ic8.json
qwen3_0_6b,Qwen3 0.6B,qwen3,False,deranged,16,Qwen/Qwen3-0.6B-Base,330358427,100,128,12800,0.124296875,0.01843468261676965,2.986171875,0.11066935996893427,qwen3_family/qwen3_0_6b/deranged/Qwen3-0.6B-Base_deranged_ic16.json
qwen3_0_6b,Qwen3 0.6B,qwen3,False,deranged,32,Qwen/Qwen3-0.6B-Base,204944796,100,128,12800,0.123984375,0.01808542318724073,2.9609375,0.10929566251331058,qwen3_family/qwen3_0_6b/deranged/Qwen3-0.6B-Base_deranged_ic32.json
qwen3_0_6b,Qwen3 0.6B,qwen3,False,deranged,64,Qwen/Qwen3-0.6B-Base,579850918,100,128,12800,0.12609375,0.018832356745513232,2.97515625,0.1134754778668022,qwen3_family/qwen3_0_6b/deranged/Qwen3-0.6B-Base_deranged_ic64.json
qwen3_1_7b,Qwen3 1.7B,qwen3,False,clean,1,Qwen/Qwen3-1.7B-Base,2021149567,100,128,12800,0.128515625,0.01762191165396422,3.184921875,0.06259256235651332,qwen3_family/qwen3_1_7b/clean/Qwen3-1.7B-Base_ic1.json
qwen3_1_7b,Qwen3 1.7B,qwen3,False,clean,2,Qwen/Qwen3-1.7B-Base,1078148732,100,128,12800,0.150390625,0.020523373350242728,2.99109375,0.07910075786393972,qwen3_family/qwen3_1_7b/clean/Qwen3-1.7B-Base_ic2.json
qwen3_1_7b,Qwen3 1.7B,qwen3,False,clean,4,Qwen/Qwen3-1.7B-Base,1023954624,100,128,12800,0.156640625,0.021021104271442964,2.81609375,0.09280586645809223,qwen3_family/qwen3_1_7b/clean/Qwen3-1.7B-Base_ic4.json
qwen3_1_7b,Qwen3 1.7B,qwen3,False,clean,8,Qwen/Qwen3-1.7B-Base,1034216900,100,128,12800,0.16765625,0.021964558956237785,2.655234375,0.09624498926996788,qwen3_family/qwen3_1_7b/clean/Qwen3-1.7B-Base_ic8.json
qwen3_1_7b,Qwen3 1.7B,qwen3,False,clean,16,Qwen/Qwen3-1.7B-Base,22432727,100,128,12800,0.190625,0.024198503878589708,2.51453125,0.10307632598829657,qwen3_family/qwen3_1_7b/clean/Qwen3-1.7B-Base_ic16.json
qwen3_1_7b,Qwen3 1.7B,qwen3,False,clean,32,Qwen/Qwen3-1.7B-Base,488850890,100,128,12800,0.211640625,0.026102933375770587,2.382265625,0.10243375416995845,qwen3_family/qwen3_1_7b/clean/Qwen3-1.7B-Base_ic32.json
qwen3_1_7b,Qwen3 1.7B,qwen3,False,clean,64,Qwen/Qwen3-1.7B-Base,906902788,100,128,12800,0.247109375,0.029121958894951783,2.144609375,0.10024657980818023,qwen3_family/qwen3_1_7b/clean/Qwen3-1.7B-Base_ic64.json
qwen3_1_7b,Qwen3 1.7B,qwen3,False,deranged,1,Qwen/Qwen3-1.7B-Base,2021149567,100,128,12800,0.128515625,0.01762191165396422,3.184921875,0.06259256235651332,qwen3_family/qwen3_1_7b/deranged/Qwen3-1.7B-Base_deranged_ic1.json
qwen3_1_7b,Qwen3 1.7B,qwen3,False,deranged,2,Qwen/Qwen3-1.7B-Base,1078148732,100,128,12800,0.147734375,0.020772904488828438,3.051328125,0.0818044721118161,qwen3_family/qwen3_1_7b/deranged/Qwen3-1.7B-Base_deranged_ic2.json
qwen3_1_7b,Qwen3 1.7B,qwen3,False,deranged,4,Qwen/Qwen3-1.7B-Base,1023954624,100,128,12800,0.143828125,0.020180373198163116,2.99140625,0.09625279398124024,qwen3_family/qwen3_1_7b/deranged/Qwen3-1.7B-Base_deranged_ic4.json
qwen3_1_7b,Qwen3 1.7B,qwen3,False,deranged,8,Qwen/Qwen3-1.7B-Base,1034216900,100,128,12800,0.141484375,0.019727672345391894,2.97109375,0.11268696431920555,qwen3_family/qwen3_1_7b/deranged/Qwen3-1.7B-Base_deranged_ic8.json
qwen3_1_7b,Qwen3 1.7B,qwen3,False,deranged,16,Qwen/Qwen3-1.7B-Base,22432727,100,128,12800,0.145390625,0.021467874173006725,2.95015625,0.11296303922235085,qwen3_family/qwen3_1_7b/deranged/Qwen3-1.7B-Base_deranged_ic16.json
qwen3_1_7b,Qwen3 1.7B,qwen3,False,deranged,32,Qwen/Qwen3-1.7B-Base,488850890,100,128,12800,0.151171875,0.02236949401414135,2.97,0.1200038120678965,qwen3_family/qwen3_1_7b/deranged/Qwen3-1.7B-Base_deranged_ic32.json
qwen3_1_7b,Qwen3 1.7B,qwen3,False,deranged,64,Qwen/Qwen3-1.7B-Base,906902788,100,128,12800,0.155,0.023198678014407663,2.947265625,0.1198572353799657,qwen3_family/qwen3_1_7b/deranged/Qwen3-1.7B-Base_deranged_ic64.json
qwen3_4b,Qwen3 4B,qwen3,False,clean,1,Qwen/Qwen3-4B-Base,1367458356,100,128,12800,0.136484375,0.01900359044887849,3.2228125,0.06522531153014562,qwen3_family/qwen3_4b/clean/Qwen3-4B-Base_ic1.json
qwen3_4b,Qwen3 4B,qwen3,False,clean,2,Qwen/Qwen3-4B-Base,968855281,100,128,12800,0.149453125,0.02057655888117897,3.02109375,0.08123364643357192,qwen3_family/qwen3_4b/clean/Qwen3-4B-Base_ic2.json
qwen3_4b,Qwen3 4B,qwen3,False,clean,4,Qwen/Qwen3-4B-Base,746107280,100,128,12800,0.167421875,0.021704459852158457,2.774296875,0.09720104735784144,qwen3_family/qwen3_4b/clean/Qwen3-4B-Base_ic4.json
qwen3_4b,Qwen3 4B,qwen3,False,clean,8,Qwen/Qwen3-4B-Base,130000135,100,128,12800,0.17546875,0.02159801071488478,2.53078125,0.09223201689018126,qwen3_family/qwen3_4b/clean/Qwen3-4B-Base_ic8.json
qwen3_4b,Qwen3 4B,qwen3,False,clean,16,Qwen/Qwen3-4B-Base,1800816625,100,128,12800,0.194375,0.024047019649852747,2.38484375,0.09895239092006494,qwen3_family/qwen3_4b/clean/Qwen3-4B-Base_ic16.json
qwen3_4b,Qwen3 4B,qwen3,False,clean,32,Qwen/Qwen3-4B-Base,2036131999,100,128,12800,0.232734375,0.027549235787934494,2.190390625,0.0967808080466739,qwen3_family/qwen3_4b/clean/Qwen3-4B-Base_ic32.json
qwen3_4b,Qwen3 4B,qwen3,False,clean,64,Qwen/Qwen3-4B-Base,356668454,100,128,12800,0.26484375,0.03056128301965494,2.003125,0.10035448533709257,qwen3_family/qwen3_4b/clean/Qwen3-4B-Base_ic64.json
qwen3_4b,Qwen3 4B,qwen3,False,deranged,1,Qwen/Qwen3-4B-Base,1367458356,100,128,12800,0.136484375,0.01900359044887849,3.2228125,0.06522531153014562,qwen3_family/qwen3_4b/deranged/Qwen3-4B-Base_deranged_ic1.json
qwen3_4b,Qwen3 4B,qwen3,False,deranged,2,Qwen/Qwen3-4B-Base,968855281,100,128,12800,0.1459375,0.02084779327729504,3.116015625,0.08258268800763349,qwen3_family/qwen3_4b/deranged/Qwen3-4B-Base_deranged_ic2.json
qwen3_4b,Qwen3 4B,qwen3,False,deranged,4,Qwen/Qwen3-4B-Base,746107280,100,128,12800,0.14734375,0.02077406935256735,2.978125,0.10412250484326555,qwen3_family/qwen3_4b/deranged/Qwen3-4B-Base_deranged_ic4.json
qwen3_4b,Qwen3 4B,qwen3,False,deranged,8,Qwen/Qwen3-4B-Base,130000135,100,128,12800,0.13125,0.019393930146186244,2.938125,0.10758120959895949,qwen3_family/qwen3_4b/deranged/Qwen3-4B-Base_deranged_ic8.json
qwen3_4b,Qwen3 4B,qwen3,False,deranged,16,Qwen/Qwen3-4B-Base,1800816625,100,128,12800,0.140703125,0.020926783484944027,2.92984375,0.11531858734890528,qwen3_family/qwen3_4b/deranged/Qwen3-4B-Base_deranged_ic16.json
qwen3_4b,Qwen3 4B,qwen3,False,deranged,32,Qwen/Qwen3-4B-Base,2036131999,100,128,12800,0.1521875,0.022960067803507605,2.928359375,0.11841346596704598,qwen3_family/qwen3_4b/deranged/Qwen3-4B-Base_deranged_ic32.json
qwen3_4b,Qwen3 4B,qwen3,False,deranged,64,Qwen/Qwen3-4B-Base,356668454,100,128,12800,0.16046875,0.024445753106290512,2.920390625,0.123749301279067,qwen3_family/qwen3_4b/deranged/Qwen3-4B-Base_deranged_ic64.json
qwen3_8b,Qwen3 8B,qwen3,False,clean,1,Qwen/Qwen3-8B-Base,1579138366,100,128,12800,0.143046875,0.01989286298577144,3.224453125,0.06862621350980729,qwen3_family/qwen3_8b/clean/Qwen3-8B-Base_ic1.json
qwen3_8b,Qwen3 8B,qwen3,False,clean,2,Qwen/Qwen3-8B-Base,1685574146,100,128,12800,0.1571875,0.021313211372499412,3.0240625,0.07150673525307269,qwen3_family/qwen3_8b/clean/Qwen3-8B-Base_ic2.json
qwen3_8b,Qwen3 8B,qwen3,False,clean,4,Qwen/Qwen3-8B-Base,479493013,100,128,12800,0.1578125,0.019834918350053344,2.79984375,0.08787634248430325,qwen3_family/qwen3_8b/clean/Qwen3-8B-Base_ic4.json
qwen3_8b,Qwen3 8B,qwen3,False,clean,8,Qwen/Qwen3-8B-Base,1779817577,100,128,12800,0.176875,0.02140938905502901,2.50734375,0.09231974149094643,qwen3_family/qwen3_8b/clean/Qwen3-8B-Base_ic8.json
qwen3_8b,Qwen3 8B,qwen3,False,clean,16,Qwen/Qwen3-8B-Base,1427696607,100,128,12800,0.216953125,0.025443134805364653,2.238515625,0.09573765288817052,qwen3_family/qwen3_8b/clean/Qwen3-8B-Base_ic16.json
qwen3_8b,Qwen3 8B,qwen3,False,clean,32,Qwen/Qwen3-8B-Base,1351863647,100,128,12800,0.258203125,0.028457406929204072,2.038359375,0.09855280337949572,qwen3_family/qwen3_8b/clean/Qwen3-8B-Base_ic32.json
qwen3_8b,Qwen3 8B,qwen3,False,clean,64,Qwen/Qwen3-8B-Base,2010899199,100,128,12800,0.30078125,0.030690320367885694,1.845703125,0.103260641623071,qwen3_family/qwen3_8b/clean/Qwen3-8B-Base_ic64.json
qwen3_8b,Qwen3 8B,qwen3,False,deranged,1,Qwen/Qwen3-8B-Base,1579138366,100,128,12800,0.143046875,0.01989286298577144,3.224453125,0.06862621350980729,qwen3_family/qwen3_8b/deranged/Qwen3-8B-Base_deranged_ic1.json
qwen3_8b,Qwen3 8B,qwen3,False,deranged,2,Qwen/Qwen3-8B-Base,1685574146,100,128,12800,0.14921875,0.021710209697233546,3.134296875,0.0854873494243238,qwen3_family/qwen3_8b/deranged/Qwen3-8B-Base_deranged_ic2.json
qwen3_8b,Qwen3 8B,qwen3,False,deranged,4,Qwen/Qwen3-8B-Base,479493013,100,128,12800,0.1375,0.019638750872370176,3.0615625,0.10146570999799749,qwen3_family/qwen3_8b/deranged/Qwen3-8B-Base_deranged_ic4.json
qwen3_8b,Qwen3 8B,qwen3,False,deranged,8,Qwen/Qwen3-8B-Base,1779817577,100,128,12800,0.13046875,0.018872410550101727,2.986640625,0.10549451348956837,qwen3_family/qwen3_8b/deranged/Qwen3-8B-Base_deranged_ic8.json
qwen3_8b,Qwen3 8B,qwen3,False,deranged,16,Qwen/Qwen3-8B-Base,1427696607,100,128,12800,0.140234375,0.02154970267610446,2.967421875,0.11483046561961859,qwen3_family/qwen3_8b/deranged/Qwen3-8B-Base_deranged_ic16.json
qwen3_8b,Qwen3 8B,qwen3,False,deranged,32,Qwen/Qwen3-8B-Base,1351863647,100,128,12800,0.145859375,0.022783124756154804,2.98375,0.11796891618992911,qwen3_family/qwen3_8b/deranged/Qwen3-8B-Base_deranged_ic32.json
qwen3_8b,Qwen3 8B,qwen3,False,deranged,64,Qwen/Qwen3-8B-Base,2010899199,100,128,12800,0.161640625,0.02462498252471756,2.9159375,0.11645245697552982,qwen3_family/qwen3_8b/deranged/Qwen3-8B-Base_deranged_ic64.json
evo2_1b_base,Evo2 1B base,evo2,False,clean,1,arcinstitute/evo2_1b_base,42,100,128,12800,0.12578125,0.017150334300511993,3.213515625,0.06430648205501635,evo2_family/evo2_1b_base/clean/evo2_1b_base_ic1.json
evo2_1b_base,Evo2 1B base,evo2,False,clean,2,arcinstitute/evo2_1b_base,42,100,128,12800,0.152578125,0.020041305581998122,2.950078125,0.068336329990043,evo2_family/evo2_1b_base/clean/evo2_1b_base_ic2.json
evo2_1b_base,Evo2 1B base,evo2,False,clean,4,arcinstitute/evo2_1b_base,42,100,128,12800,0.166796875,0.021944889424539635,2.770703125,0.08735490138095853,evo2_family/evo2_1b_base/clean/evo2_1b_base_ic4.json
evo2_1b_base,Evo2 1B base,evo2,False,clean,8,arcinstitute/evo2_1b_base,42,100,128,12800,0.196640625,0.024031574223079156,2.528359375,0.09629385237320683,evo2_family/evo2_1b_base/clean/evo2_1b_base_ic8.json
evo2_1b_base,Evo2 1B base,evo2,False,clean,16,arcinstitute/evo2_1b_base,42,100,128,12800,0.217890625,0.024290276780352466,2.334609375,0.100081535314157,evo2_family/evo2_1b_base/clean/evo2_1b_base_ic16.json
evo2_1b_base,Evo2 1B base,evo2,False,clean,32,arcinstitute/evo2_1b_base,42,100,128,12800,0.247109375,0.024422346763669497,2.131328125,0.10764119427083778,evo2_family/evo2_1b_base/clean/evo2_1b_base_ic32.json
evo2_1b_base,Evo2 1B base,evo2,False,clean,64,arcinstitute/evo2_1b_base,42,100,128,12800,0.28140625,0.02466357942423976,1.924765625,0.10384174317950637,evo2_family/evo2_1b_base/clean/evo2_1b_base_ic64.json
evo2_1b_base,Evo2 1B base,evo2,False,deranged,1,arcinstitute/evo2_1b_base,42,100,128,12800,0.12578125,0.017150334300511993,3.213515625,0.06430648205501635,evo2_family/evo2_1b_base/deranged/evo2_1b_base_deranged_ic1.json
evo2_1b_base,Evo2 1B base,evo2,False,deranged,2,arcinstitute/evo2_1b_base,42,100,128,12800,0.1425,0.020326796639317316,3.10125,0.07204625581826272,evo2_family/evo2_1b_base/deranged/evo2_1b_base_deranged_ic2.json
evo2_1b_base,Evo2 1B base,evo2,False,deranged,4,arcinstitute/evo2_1b_base,42,100,128,12800,0.15109375,0.022068112920583655,3.009921875,0.09087675751870831,evo2_family/evo2_1b_base/deranged/evo2_1b_base_deranged_ic4.json
evo2_1b_base,Evo2 1B base,evo2,False,deranged,8,arcinstitute/evo2_1b_base,42,100,128,12800,0.16265625,0.023419442749348783,2.90171875,0.10300501537915877,evo2_family/evo2_1b_base/deranged/evo2_1b_base_deranged_ic8.json
evo2_1b_base,Evo2 1B base,evo2,False,deranged,16,arcinstitute/evo2_1b_base,42,100,128,12800,0.165625,0.023797995678775555,2.868203125,0.11345870347642344,evo2_family/evo2_1b_base/deranged/evo2_1b_base_deranged_ic16.json
evo2_1b_base,Evo2 1B base,evo2,False,deranged,32,arcinstitute/evo2_1b_base,42,100,128,12800,0.164453125,0.02408726194389384,2.869296875,0.11860999308812632,evo2_family/evo2_1b_base/deranged/evo2_1b_base_deranged_ic32.json
evo2_1b_base,Evo2 1B base,evo2,False,deranged,64,arcinstitute/evo2_1b_base,42,100,128,12800,0.173203125,0.024960031329384534,2.823046875,0.11697178035443345,evo2_family/evo2_1b_base/deranged/evo2_1b_base_deranged_ic64.json
evo2_7b,Evo2 7B,evo2,False,clean,1,arcinstitute/evo2_7b,42,100,128,12800,0.129453125,0.017695884313430395,3.243515625,0.05808231712796723,evo2_family/evo2_7b/clean/evo2_7b_ic1.json
evo2_7b,Evo2 7B,evo2,False,clean,2,arcinstitute/evo2_7b,42,100,128,12800,0.155546875,0.020180373198163116,2.914609375,0.06763401506625787,evo2_family/evo2_7b/clean/evo2_7b_ic2.json
evo2_7b,Evo2 7B,evo2,False,clean,4,arcinstitute/evo2_7b,42,100,128,12800,0.184296875,0.022923147919149338,2.615546875,0.09161811454973412,evo2_family/evo2_7b/clean/evo2_7b_ic4.json
evo2_7b,Evo2 7B,evo2,False,clean,8,arcinstitute/evo2_7b,42,100,128,12800,0.216015625,0.024089821321456824,2.34078125,0.09855547358868391,evo2_family/evo2_7b/clean/evo2_7b_ic8.json
evo2_7b,Evo2 7B,evo2,False,clean,16,arcinstitute/evo2_7b,42,100,128,12800,0.2421875,0.023950869637819592,2.10625,0.09748991516171628,evo2_family/evo2_7b/clean/evo2_7b_ic16.json
evo2_7b,Evo2 7B,evo2,False,clean,32,arcinstitute/evo2_7b,42,100,128,12800,0.282265625,0.024586135712366182,1.856171875,0.09912049954028365,evo2_family/evo2_7b/clean/evo2_7b_ic32.json
evo2_7b,Evo2 7B,evo2,False,clean,64,arcinstitute/evo2_7b,42,100,128,12800,0.345,0.026486662014644852,1.56546875,0.09726260815115709,evo2_family/evo2_7b/clean/evo2_7b_ic64.json
evo2_7b,Evo2 7B,evo2,False,deranged,1,arcinstitute/evo2_7b,42,100,128,12800,0.129453125,0.017695884313430395,3.243515625,0.05808231712796723,evo2_family/evo2_7b/deranged/evo2_7b_deranged_ic1.json
evo2_7b,Evo2 7B,evo2,False,deranged,2,arcinstitute/evo2_7b,42,100,128,12800,0.146796875,0.02081269544784544,3.065078125,0.07436344174457607,evo2_family/evo2_7b/deranged/evo2_7b_deranged_ic2.json
evo2_7b,Evo2 7B,evo2,False,deranged,4,arcinstitute/evo2_7b,42,100,128,12800,0.152578125,0.02254986205512173,2.974609375,0.09721407945670271,evo2_family/evo2_7b/deranged/evo2_7b_deranged_ic4.json
evo2_7b,Evo2 7B,evo2,False,deranged,8,arcinstitute/evo2_7b,42,100,128,12800,0.158984375,0.02328188421743089,2.89109375,0.10485601802029583,evo2_family/evo2_7b/deranged/evo2_7b_deranged_ic8.json
evo2_7b,Evo2 7B,evo2,False,deranged,16,arcinstitute/evo2_7b,42,100,128,12800,0.1528125,0.022429755405639584,2.90453125,0.11264111191529162,evo2_family/evo2_7b/deranged/evo2_7b_deranged_ic16.json
evo2_7b,Evo2 7B,evo2,False,deranged,32,arcinstitute/evo2_7b,42,100,128,12800,0.151640625,0.0231295784331813,2.89578125,0.11452182943879392,evo2_family/evo2_7b/deranged/evo2_7b_deranged_ic32.json
evo2_7b,Evo2 7B,evo2,False,deranged,64,arcinstitute/evo2_7b,42,100,128,12800,0.152578125,0.0233017573207542,2.858203125,0.11271562217152671,evo2_family/evo2_7b/deranged/evo2_7b_deranged_ic64.json
nextterm_47m,NextTerm 47M,nextterm,False,clean,1,N8Programs/NextTerm-47M,42,100,128,12800,0.09671875,0.01289607848753612,3.17140625,0.06720298924405439,nextterm_family/nextterm_47m/clean/NextTerm-47M_ic1.json
nextterm_47m,NextTerm 47M,nextterm,False,clean,2,N8Programs/NextTerm-47M,42,100,128,12800,0.14265625,0.018671784198988888,2.9075,0.0891453019753014,nextterm_family/nextterm_47m/clean/NextTerm-47M_ic2.json
nextterm_47m,NextTerm 47M,nextterm,False,clean,4,N8Programs/NextTerm-47M,42,100,128,12800,0.186015625,0.02343478914246912,2.618203125,0.10203698017799187,nextterm_family/nextterm_47m/clean/NextTerm-47M_ic4.json
nextterm_47m,NextTerm 47M,nextterm,False,clean,8,N8Programs/NextTerm-47M,42,100,128,12800,0.2296875,0.026858634096629263,2.400546875,0.10626699158317272,nextterm_family/nextterm_47m/clean/NextTerm-47M_ic8.json
nextterm_47m,NextTerm 47M,nextterm,False,clean,16,N8Programs/NextTerm-47M,42,100,128,12800,0.264453125,0.028909848900656794,2.24265625,0.11019236101283955,nextterm_family/nextterm_47m/clean/NextTerm-47M_ic16.json
nextterm_47m,NextTerm 47M,nextterm,False,clean,32,N8Programs/NextTerm-47M,42,100,128,12800,0.216796875,0.025459248272116784,2.454296875,0.10044367076616392,nextterm_family/nextterm_47m/clean/NextTerm-47M_ic32.json
nextterm_47m,NextTerm 47M,nextterm,False,clean,64,N8Programs/NextTerm-47M,42,100,128,12800,0.1471875,0.020767153407946694,2.821484375,0.0828554728620104,nextterm_family/nextterm_47m/clean/NextTerm-47M_ic64.json
nextterm_47m,NextTerm 47M,nextterm,False,deranged,1,N8Programs/NextTerm-47M,42,100,128,12800,0.09671875,0.01289607848753612,3.17140625,0.06720298924405439,nextterm_family/nextterm_47m/deranged/NextTerm-47M_ic1.json
nextterm_47m,NextTerm 47M,nextterm,False,deranged,2,N8Programs/NextTerm-47M,42,100,128,12800,0.112421875,0.01591503812703788,3.130625,0.07189216006176166,nextterm_family/nextterm_47m/deranged/NextTerm-47M_ic2.json
nextterm_47m,NextTerm 47M,nextterm,False,deranged,4,N8Programs/NextTerm-47M,42,100,128,12800,0.130390625,0.019457307950543717,2.9846875,0.08782498215053142,nextterm_family/nextterm_47m/deranged/NextTerm-47M_ic4.json
nextterm_47m,NextTerm 47M,nextterm,False,deranged,8,N8Programs/NextTerm-47M,42,100,128,12800,0.1390625,0.021582756551612254,2.91484375,0.0987994325813327,nextterm_family/nextterm_47m/deranged/NextTerm-47M_ic8.json
nextterm_47m,NextTerm 47M,nextterm,False,deranged,16,N8Programs/NextTerm-47M,42,100,128,12800,0.144765625,0.022546854437470062,2.915546875,0.1062886780067541,nextterm_family/nextterm_47m/deranged/NextTerm-47M_ic16.json
nextterm_47m,NextTerm 47M,nextterm,False,deranged,32,N8Programs/NextTerm-47M,42,100,128,12800,0.147734375,0.022420896113323912,2.910234375,0.09714506328277242,nextterm_family/nextterm_47m/deranged/NextTerm-47M_ic32.json
nextterm_47m,NextTerm 47M,nextterm,False,deranged,64,N8Programs/NextTerm-47M,42,100,128,12800,0.132578125,0.019634184248659835,3.02796875,0.08580095471093963,nextterm_family/nextterm_47m/deranged/NextTerm-47M_ic64.json
imagegpt_small,ImageGPT small,imagegpt,False,clean,1,models/imagegpt-small-bf16,42,100,128,12800,0.186328125,0.02247617476956295,2.868203125,0.07677789472671896,imagegpt_family/imagegpt_small/clean/imagegpt-small-bf16_1shot_leftpad_clean.json
imagegpt_small,ImageGPT small,imagegpt,False,clean,2,models/imagegpt-small-bf16,42,100,128,12800,0.23734375,0.023164386205409344,2.493203125,0.08551734232057827,imagegpt_family/imagegpt_small/clean/imagegpt-small-bf16_2shot_leftpad_clean.json
imagegpt_small,ImageGPT small,imagegpt,False,clean,4,models/imagegpt-small-bf16,42,100,128,12800,0.293125,0.02633042558624965,2.2784375,0.10687267177672552,imagegpt_family/imagegpt_small/clean/imagegpt-small-bf16_4shot_leftpad_clean.json
imagegpt_small,ImageGPT small,imagegpt,False,clean,8,models/imagegpt-small-bf16,42,100,128,12800,0.320703125,0.028423807050990513,2.13234375,0.113231731165726,imagegpt_family/imagegpt_small/clean/imagegpt-small-bf16_8shot_leftpad_clean.json
imagegpt_small,ImageGPT small,imagegpt,False,clean,16,models/imagegpt-small-bf16,42,100,128,12800,0.3415625,0.029695406974672267,2.024375,0.11883170409931738,imagegpt_family/imagegpt_small/clean/imagegpt-small-bf16_16shot_leftpad_clean.json
imagegpt_small,ImageGPT small,imagegpt,False,clean,31,models/imagegpt-small-bf16,42,100,128,12800,0.351875,0.03089482504638058,1.9815625,0.12587218993558225,imagegpt_family/imagegpt_small/clean/imagegpt-small-bf16_31shot_leftpad_clean.json
imagegpt_small,ImageGPT small,imagegpt,False,deranged,1,models/imagegpt-small-bf16,42,100,128,12800,0.186328125,0.02247617476956295,2.868203125,0.07677789472671896,imagegpt_family/imagegpt_small/deranged/imagegpt-small-bf16_1shot_leftpad_deranged.json
imagegpt_small,ImageGPT small,imagegpt,False,deranged,2,models/imagegpt-small-bf16,42,100,128,12800,0.176796875,0.024134638019819066,2.94734375,0.090107835415326,imagegpt_family/imagegpt_small/deranged/imagegpt-small-bf16_2shot_leftpad_deranged.json
imagegpt_small,ImageGPT small,imagegpt,False,deranged,4,models/imagegpt-small-bf16,42,100,128,12800,0.179609375,0.0249166299972968,2.920859375,0.09703166140739325,imagegpt_family/imagegpt_small/deranged/imagegpt-small-bf16_4shot_leftpad_deranged.json
imagegpt_small,ImageGPT small,imagegpt,False,deranged,8,models/imagegpt-small-bf16,42,100,128,12800,0.18515625,0.02563448237803472,2.88828125,0.1059756221726043,imagegpt_family/imagegpt_small/deranged/imagegpt-small-bf16_8shot_leftpad_deranged.json
imagegpt_small,ImageGPT small,imagegpt,False,deranged,16,models/imagegpt-small-bf16,42,100,128,12800,0.187734375,0.025846440335994824,2.861875,0.11452574094988406,imagegpt_family/imagegpt_small/deranged/imagegpt-small-bf16_16shot_leftpad_deranged.json
imagegpt_small,ImageGPT small,imagegpt,False,deranged,31,models/imagegpt-small-bf16,42,100,128,12800,0.182578125,0.026000359047379424,2.865,0.1165174488791618,imagegpt_family/imagegpt_small/deranged/imagegpt-small-bf16_31shot_leftpad_deranged.json
imagegpt_medium,ImageGPT medium,imagegpt,False,clean,1,models/imagegpt-medium-bf16,42,100,128,12800,0.1890625,0.02181064668257503,2.82703125,0.07904914429104908,imagegpt_family/imagegpt_medium/clean/imagegpt-medium-bf16_1shot_leftpad_clean.json
imagegpt_medium,ImageGPT medium,imagegpt,False,clean,2,models/imagegpt-medium-bf16,42,100,128,12800,0.27,0.024031898749633292,2.3909375,0.09664070570036153,imagegpt_family/imagegpt_medium/clean/imagegpt-medium-bf16_2shot_leftpad_clean.json
imagegpt_medium,ImageGPT medium,imagegpt,False,clean,4,models/imagegpt-medium-bf16,42,100,128,12800,0.336953125,0.027575039798669387,2.17890625,0.11786799999065092,imagegpt_family/imagegpt_medium/clean/imagegpt-medium-bf16_4shot_leftpad_clean.json
imagegpt_medium,ImageGPT medium,imagegpt,False,clean,8,models/imagegpt-medium-bf16,42,100,128,12800,0.378671875,0.03038972426997354,1.976328125,0.12387278085832645,imagegpt_family/imagegpt_medium/clean/imagegpt-medium-bf16_8shot_leftpad_clean.json
imagegpt_medium,ImageGPT medium,imagegpt,False,clean,16,models/imagegpt-medium-bf16,42,100,128,12800,0.4078125,0.03222649673814839,1.857890625,0.13193937855252877,imagegpt_family/imagegpt_medium/clean/imagegpt-medium-bf16_16shot_leftpad_clean.json
imagegpt_medium,ImageGPT medium,imagegpt,False,clean,31,models/imagegpt-medium-bf16,42,100,128,12800,0.42203125,0.0334186696187588,1.772109375,0.13550123265475783,imagegpt_family/imagegpt_medium/clean/imagegpt-medium-bf16_31shot_leftpad_clean.json
imagegpt_medium,ImageGPT medium,imagegpt,False,deranged,1,models/imagegpt-medium-bf16,42,100,128,12800,0.1890625,0.02181064668257503,2.82703125,0.07904914429104908,imagegpt_family/imagegpt_medium/deranged/imagegpt-medium-bf16_1shot_leftpad_deranged.json
imagegpt_medium,ImageGPT medium,imagegpt,False,deranged,2,models/imagegpt-medium-bf16,42,100,128,12800,0.17875,0.023953515655274378,2.9609375,0.08853205718798626,imagegpt_family/imagegpt_medium/deranged/imagegpt-medium-bf16_2shot_leftpad_deranged.json
imagegpt_medium,ImageGPT medium,imagegpt,False,deranged,4,models/imagegpt-medium-bf16,42,100,128,12800,0.1815625,0.025175245941342277,2.947109375,0.09577206018116091,imagegpt_family/imagegpt_medium/deranged/imagegpt-medium-bf16_4shot_leftpad_deranged.json
imagegpt_medium,ImageGPT medium,imagegpt,False,deranged,8,models/imagegpt-medium-bf16,42,100,128,12800,0.18234375,0.02557662905844036,2.93515625,0.10783025421996391,imagegpt_family/imagegpt_medium/deranged/imagegpt-medium-bf16_8shot_leftpad_deranged.json
imagegpt_medium,ImageGPT medium,imagegpt,False,deranged,16,models/imagegpt-medium-bf16,42,100,128,12800,0.188203125,0.026434325474076554,2.844765625,0.11356667688951608,imagegpt_family/imagegpt_medium/deranged/imagegpt-medium-bf16_16shot_leftpad_deranged.json
imagegpt_medium,ImageGPT medium,imagegpt,False,deranged,31,models/imagegpt-medium-bf16,42,100,128,12800,0.18484375,0.025967750211703933,2.857734375,0.11576553612702811,imagegpt_family/imagegpt_medium/deranged/imagegpt-medium-bf16_31shot_leftpad_deranged.json
progen2_small,ProGen2 small,progen2,False,clean,1,models/ProGen2-small-bf16,42,100,128,12800,0.116484375,0.015634504290577608,3.131171875,0.057410591853387836,progen2_family/progen2_small/clean/ProGen2-small-bf16_ic1.json
progen2_small,ProGen2 small,progen2,False,clean,2,models/ProGen2-small-bf16,42,100,128,12800,0.127578125,0.016963304413772452,2.963515625,0.06609819320186429,progen2_family/progen2_small/clean/ProGen2-small-bf16_ic2.json
progen2_small,ProGen2 small,progen2,False,clean,4,models/ProGen2-small-bf16,42,100,128,12800,0.153125,0.01836327831652897,2.760546875,0.07714748103469879,progen2_family/progen2_small/clean/ProGen2-small-bf16_ic4.json
progen2_small,ProGen2 small,progen2,False,clean,8,models/ProGen2-small-bf16,42,100,128,12800,0.178203125,0.021166458059678768,2.615390625,0.08615058057517586,progen2_family/progen2_small/clean/ProGen2-small-bf16_ic8.json
progen2_small,ProGen2 small,progen2,False,clean,16,models/ProGen2-small-bf16,42,100,128,12800,0.192890625,0.021919961628235157,2.5196875,0.09246571931660605,progen2_family/progen2_small/clean/ProGen2-small-bf16_ic16.json
progen2_small,ProGen2 small,progen2,False,clean,32,models/ProGen2-small-bf16,42,100,128,12800,0.204921875,0.022319962383078498,2.476171875,0.09206378762280827,progen2_family/progen2_small/clean/ProGen2-small-bf16_ic32.json
progen2_small,ProGen2 small,progen2,False,clean,48,models/ProGen2-small-bf16,42,100,128,12800,0.208671875,0.023012855284496325,2.458671875,0.09230902091341972,progen2_family/progen2_small/clean/ProGen2-small-bf16_ic48.json
progen2_small,ProGen2 small,progen2,False,deranged,1,models/ProGen2-small-bf16,42,100,128,12800,0.116484375,0.015634504290577608,3.131171875,0.057410591853387836,progen2_family/progen2_small/deranged/ProGen2-small-bf16_ic1.json
progen2_small,ProGen2 small,progen2,False,deranged,2,models/ProGen2-small-bf16,42,100,128,12800,0.12015625,0.01681389898097852,3.153046875,0.06593177520372376,progen2_family/progen2_small/deranged/ProGen2-small-bf16_ic2.json
progen2_small,ProGen2 small,progen2,False,deranged,4,models/ProGen2-small-bf16,42,100,128,12800,0.13359375,0.019511353502075515,3.041640625,0.07895323719449616,progen2_family/progen2_small/deranged/ProGen2-small-bf16_ic4.json
progen2_small,ProGen2 small,progen2,False,deranged,8,models/ProGen2-small-bf16,42,100,128,12800,0.1440625,0.02107235049007983,3.028203125,0.09227232009745469,progen2_family/progen2_small/deranged/ProGen2-small-bf16_ic8.json
progen2_small,ProGen2 small,progen2,False,deranged,16,models/ProGen2-small-bf16,42,100,128,12800,0.14609375,0.02124315773867499,3.023984375,0.09838457916641072,progen2_family/progen2_small/deranged/ProGen2-small-bf16_ic16.json
progen2_small,ProGen2 small,progen2,False,deranged,32,models/ProGen2-small-bf16,42,100,128,12800,0.1496875,0.022482577341868096,3.007421875,0.0973915525690878,progen2_family/progen2_small/deranged/ProGen2-small-bf16_ic32.json
progen2_small,ProGen2 small,progen2,False,deranged,48,models/ProGen2-small-bf16,42,100,128,12800,0.158046875,0.02274705196473451,2.996640625,0.09953432444498818,progen2_family/progen2_small/deranged/ProGen2-small-bf16_ic48.json
progen2_medium,ProGen2 medium,progen2,False,clean,1,models/ProGen2-medium-bf16,42,100,128,12800,0.11796875,0.01577676453907259,3.130625,0.057478504745109585,progen2_family/progen2_medium/clean/ProGen2-medium-bf16_ic1.json
progen2_medium,ProGen2 medium,progen2,False,clean,2,models/ProGen2-medium-bf16,42,100,128,12800,0.1303125,0.017096464604036434,2.964453125,0.06377742595197627,progen2_family/progen2_medium/clean/ProGen2-medium-bf16_ic2.json
progen2_medium,ProGen2 medium,progen2,False,clean,4,models/ProGen2-medium-bf16,42,100,128,12800,0.1559375,0.019386909829244906,2.766484375,0.08256264234103586,progen2_family/progen2_medium/clean/ProGen2-medium-bf16_ic4.json
progen2_medium,ProGen2 medium,progen2,False,clean,8,models/ProGen2-medium-bf16,42,100,128,12800,0.17859375,0.021019533673445664,2.5840625,0.09032265723525786,progen2_family/progen2_medium/clean/ProGen2-medium-bf16_ic8.json
progen2_medium,ProGen2 medium,progen2,False,clean,16,models/ProGen2-medium-bf16,42,100,128,12800,0.2,0.022051282845364405,2.446875,0.09625820620844974,progen2_family/progen2_medium/clean/ProGen2-medium-bf16_ic16.json
progen2_medium,ProGen2 medium,progen2,False,clean,32,models/ProGen2-medium-bf16,42,100,128,12800,0.22234375,0.022942591439784076,2.30625,0.0949691224200056,progen2_family/progen2_medium/clean/ProGen2-medium-bf16_ic32.json
progen2_medium,ProGen2 medium,progen2,False,clean,48,models/ProGen2-medium-bf16,42,100,128,12800,0.22640625,0.023418810940929406,2.285546875,0.09459011564328922,progen2_family/progen2_medium/clean/ProGen2-medium-bf16_ic48.json
progen2_medium,ProGen2 medium,progen2,False,deranged,1,models/ProGen2-medium-bf16,42,100,128,12800,0.11796875,0.01577676453907259,3.130625,0.057478504745109585,progen2_family/progen2_medium/deranged/ProGen2-medium-bf16_ic1.json
progen2_medium,ProGen2 medium,progen2,False,deranged,2,models/ProGen2-medium-bf16,42,100,128,12800,0.121640625,0.017378435760854898,3.149921875,0.06648337349689008,progen2_family/progen2_medium/deranged/ProGen2-medium-bf16_ic2.json
progen2_medium,ProGen2 medium,progen2,False,deranged,4,models/ProGen2-medium-bf16,42,100,128,12800,0.139296875,0.020361626865821606,3.020546875,0.08753611373417426,progen2_family/progen2_medium/deranged/ProGen2-medium-bf16_ic4.json
progen2_medium,ProGen2 medium,progen2,False,deranged,8,models/ProGen2-medium-bf16,42,100,128,12800,0.143046875,0.02050844417918448,2.992578125,0.09597459115182817,progen2_family/progen2_medium/deranged/ProGen2-medium-bf16_ic8.json
progen2_medium,ProGen2 medium,progen2,False,deranged,16,models/ProGen2-medium-bf16,42,100,128,12800,0.14578125,0.021606515471293317,3.001875,0.10286078459614037,progen2_family/progen2_medium/deranged/ProGen2-medium-bf16_ic16.json
progen2_medium,ProGen2 medium,progen2,False,deranged,32,models/ProGen2-medium-bf16,42,100,128,12800,0.1484375,0.022469487763768926,2.96671875,0.10413432381413876,progen2_family/progen2_medium/deranged/ProGen2-medium-bf16_ic32.json
progen2_medium,ProGen2 medium,progen2,False,deranged,48,models/ProGen2-medium-bf16,42,100,128,12800,0.155859375,0.022671177542718267,2.9503125,0.10280655128472153,progen2_family/progen2_medium/deranged/ProGen2-medium-bf16_ic48.json
progen2_large,ProGen2 large,progen2,False,clean,1,models/ProGen2-large-bf16,42,100,128,12800,0.127265625,0.01698336905085068,3.097890625,0.0622996764978891,progen2_family/progen2_large/clean/ProGen2-large-bf16_ic1.json
progen2_large,ProGen2 large,progen2,False,clean,2,models/ProGen2-large-bf16,42,100,128,12800,0.139296875,0.01822411151498406,2.91109375,0.06902839602840573,progen2_family/progen2_large/clean/ProGen2-large-bf16_ic2.json
progen2_large,ProGen2 large,progen2,False,clean,4,models/ProGen2-large-bf16,42,100,128,12800,0.1565625,0.01976639385207641,2.771328125,0.08637834977468134,progen2_family/progen2_large/clean/ProGen2-large-bf16_ic4.json
progen2_large,ProGen2 large,progen2,False,clean,8,models/ProGen2-large-bf16,42,100,128,12800,0.178046875,0.021882973102789135,2.646328125,0.09297155870417743,progen2_family/progen2_large/clean/ProGen2-large-bf16_ic8.json
progen2_large,ProGen2 large,progen2,False,clean,16,models/ProGen2-large-bf16,42,100,128,12800,0.191015625,0.022127024645831647,2.575078125,0.09680044167514423,progen2_family/progen2_large/clean/ProGen2-large-bf16_ic16.json
progen2_large,ProGen2 large,progen2,False,clean,32,models/ProGen2-large-bf16,42,100,128,12800,0.19484375,0.02183940895218279,2.547109375,0.09436289916473775,progen2_family/progen2_large/clean/ProGen2-large-bf16_ic32.json
progen2_large,ProGen2 large,progen2,False,clean,48,models/ProGen2-large-bf16,42,100,128,12800,0.20171875,0.022030410471861668,2.513046875,0.09515247105197631,progen2_family/progen2_large/clean/ProGen2-large-bf16_ic48.json
progen2_large,ProGen2 large,progen2,False,deranged,1,models/ProGen2-large-bf16,42,100,128,12800,0.127265625,0.01698336905085068,3.097890625,0.0622996764978891,progen2_family/progen2_large/deranged/ProGen2-large-bf16_ic1.json
progen2_large,ProGen2 large,progen2,False,deranged,2,models/ProGen2-large-bf16,42,100,128,12800,0.1303125,0.018658657981665445,3.0796875,0.07169214979790466,progen2_family/progen2_large/deranged/ProGen2-large-bf16_ic2.json
progen2_large,ProGen2 large,progen2,False,deranged,4,models/ProGen2-large-bf16,42,100,128,12800,0.143984375,0.02085588711712817,2.9784375,0.0867113289094186,progen2_family/progen2_large/deranged/ProGen2-large-bf16_ic4.json
progen2_large,ProGen2 large,progen2,False,deranged,8,models/ProGen2-large-bf16,42,100,128,12800,0.15203125,0.021720407701434623,2.94390625,0.09393935921557428,progen2_family/progen2_large/deranged/ProGen2-large-bf16_ic8.json
progen2_large,ProGen2 large,progen2,False,deranged,16,models/ProGen2-large-bf16,42,100,128,12800,0.151796875,0.021878453630237982,3.005625,0.10107241897689452,progen2_family/progen2_large/deranged/ProGen2-large-bf16_ic16.json
progen2_large,ProGen2 large,progen2,False,deranged,32,models/ProGen2-large-bf16,42,100,128,12800,0.1503125,0.022415952907697257,2.981875,0.10163167079237281,progen2_family/progen2_large/deranged/ProGen2-large-bf16_ic32.json
progen2_large,ProGen2 large,progen2,False,deranged,48,models/ProGen2-large-bf16,42,100,128,12800,0.15109375,0.022051344353573404,3.009765625,0.10230451883933919,progen2_family/progen2_large/deranged/ProGen2-large-bf16_ic48.json
progen2_xlarge,ProGen2 xlarge,progen2,False,clean,1,models/ProGen2-xlarge-bf16,42,100,128,12800,0.119140625,0.015897394810290816,3.2971875,0.04746809135587503,progen2_family/progen2_xlarge/clean/ProGen2-xlarge-bf16_ic1.json
progen2_xlarge,ProGen2 xlarge,progen2,False,clean,2,models/ProGen2-xlarge-bf16,42,100,128,12800,0.123671875,0.01693966424949369,3.189375,0.05399967886233072,progen2_family/progen2_xlarge/clean/ProGen2-xlarge-bf16_ic2.json
progen2_xlarge,ProGen2 xlarge,progen2,False,clean,4,models/ProGen2-xlarge-bf16,42,100,128,12800,0.145234375,0.018720415093372002,3.033125,0.06841055939111891,progen2_family/progen2_xlarge/clean/ProGen2-xlarge-bf16_ic4.json
progen2_xlarge,ProGen2 xlarge,progen2,False,clean,8,models/ProGen2-xlarge-bf16,42,100,128,12800,0.156171875,0.02030172080687178,2.92375,0.0787338272033429,progen2_family/progen2_xlarge/clean/ProGen2-xlarge-bf16_ic8.json
progen2_xlarge,ProGen2 xlarge,progen2,False,clean,16,models/ProGen2-xlarge-bf16,42,100,128,12800,0.167421875,0.020845242512308133,2.83875,0.0842670465400073,progen2_family/progen2_xlarge/clean/ProGen2-xlarge-bf16_ic16.json
progen2_xlarge,ProGen2 xlarge,progen2,False,clean,32,models/ProGen2-xlarge-bf16,42,100,128,12800,0.186484375,0.021802915761718538,2.65390625,0.09210483715775566,progen2_family/progen2_xlarge/clean/ProGen2-xlarge-bf16_ic32.json
progen2_xlarge,ProGen2 xlarge,progen2,False,clean,48,models/ProGen2-xlarge-bf16,42,100,128,12800,0.20234375,0.02309314046297191,2.5225,0.0917925702166014,progen2_family/progen2_xlarge/clean/ProGen2-xlarge-bf16_ic48.json
progen2_xlarge,ProGen2 xlarge,progen2,False,deranged,1,models/ProGen2-xlarge-bf16,42,100,128,12800,0.119140625,0.015897394810290816,3.2971875,0.04746809135587503,progen2_family/progen2_xlarge/deranged/ProGen2-xlarge-bf16_ic1.json
progen2_xlarge,ProGen2 xlarge,progen2,False,deranged,2,models/ProGen2-xlarge-bf16,42,100,128,12800,0.11703125,0.016605883183298274,3.330859375,0.05779931503604151,progen2_family/progen2_xlarge/deranged/ProGen2-xlarge-bf16_ic2.json
progen2_xlarge,ProGen2 xlarge,progen2,False,deranged,4,models/ProGen2-xlarge-bf16,42,100,128,12800,0.130703125,0.019134658805265065,3.233125,0.07552905519508116,progen2_family/progen2_xlarge/deranged/ProGen2-xlarge-bf16_ic4.json
progen2_xlarge,ProGen2 xlarge,progen2,False,deranged,8,models/ProGen2-xlarge-bf16,42,100,128,12800,0.136015625,0.019794499585430156,3.19046875,0.08570509063736213,progen2_family/progen2_xlarge/deranged/ProGen2-xlarge-bf16_ic8.json
progen2_xlarge,ProGen2 xlarge,progen2,False,deranged,16,models/ProGen2-xlarge-bf16,42,100,128,12800,0.1346875,0.019690831648513506,3.21609375,0.0961213159525247,progen2_family/progen2_xlarge/deranged/ProGen2-xlarge-bf16_ic16.json
progen2_xlarge,ProGen2 xlarge,progen2,False,deranged,32,models/ProGen2-xlarge-bf16,42,100,128,12800,0.14796875,0.022111261330013867,3.060546875,0.09473242189716781,progen2_family/progen2_xlarge/deranged/ProGen2-xlarge-bf16_ic32.json
progen2_xlarge,ProGen2 xlarge,progen2,False,deranged,48,models/ProGen2-xlarge-bf16,42,100,128,12800,0.151171875,0.021790674125214245,3.062578125,0.09961192002591461,progen2_family/progen2_xlarge/deranged/ProGen2-xlarge-bf16_ic48.json
chessgpt,ChessGPT 50M,chessgpt,False,clean,1,N8Programs/karvonen-chessgpt-50m-mlx-bf16,9205,100,128,12800,0.09234375,0.009229444019876567,1.774375,0.039474981288498065,chessgpt/clean/Chess-50M-bf16_signal2-wipe_bit4_ic1.json
chessgpt,ChessGPT 50M,chessgpt,False,clean,2,N8Programs/karvonen-chessgpt-50m-mlx-bf16,9205,100,128,12800,0.097578125,0.009174582686293977,1.74078125,0.03896268497309317,chessgpt/clean/Chess-50M-bf16_signal2-wipe_bit4_ic2.json
chessgpt,ChessGPT 50M,chessgpt,False,clean,4,N8Programs/karvonen-chessgpt-50m-mlx-bf16,9205,100,128,12800,0.1159375,0.01004284245128154,1.724375,0.042287351436811504,chessgpt/clean/Chess-50M-bf16_signal2-wipe_bit4_ic4.json
chessgpt,ChessGPT 50M,chessgpt,False,clean,8,N8Programs/karvonen-chessgpt-50m-mlx-bf16,9205,100,128,12800,0.171796875,0.014977712803359463,1.644921875,0.051871536100237106,chessgpt/clean/Chess-50M-bf16_signal2-wipe_bit4_ic8.json
chessgpt,ChessGPT 50M,chessgpt,False,deranged,1,N8Programs/karvonen-chessgpt-50m-mlx-bf16,9205,100,128,12800,0.09234375,0.009229444019876567,1.774375,0.039474981288498065,chessgpt/deranged/Chess-50M-bf16_signal2-wipe_bit4_deranged_ic1.json
chessgpt,ChessGPT 50M,chessgpt,False,deranged,2,N8Programs/karvonen-chessgpt-50m-mlx-bf16,9205,100,128,12800,0.093046875,0.00894429327786005,1.745859375,0.039523550442681264,chessgpt/deranged/Chess-50M-bf16_signal2-wipe_bit4_deranged_ic2.json
chessgpt,ChessGPT 50M,chessgpt,False,deranged,4,N8Programs/karvonen-chessgpt-50m-mlx-bf16,9205,100,128,12800,0.1146875,0.009819457057304774,1.72328125,0.04256202129786868,chessgpt/deranged/Chess-50M-bf16_signal2-wipe_bit4_deranged_ic4.json
chessgpt,ChessGPT 50M,chessgpt,False,deranged,8,N8Programs/karvonen-chessgpt-50m-mlx-bf16,9205,100,128,12800,0.173359375,0.01509220031138965,1.646953125,0.05387217977554045,chessgpt/deranged/Chess-50M-bf16_signal2-wipe_bit4_deranged_ic8.json
musicroll,MusicRoll 50M,musicroll,False,clean,1,N8Programs/Musicroll-50M,42,100,128,12800,0.168359375,0.022983656982755778,2.926484375,0.09075016221678586,musicroll/clean/musicroll-50m_music_slice-pitch_constrained_clean_ic1.json
musicroll,MusicRoll 50M,musicroll,False,clean,2,N8Programs/Musicroll-50M,42,100,128,12800,0.17,0.023616248095000097,2.86921875,0.09320433979359802,musicroll/clean/musicroll-50m_music_slice-pitch_constrained_clean_ic2.json
musicroll,MusicRoll 50M,musicroll,False,clean,4,N8Programs/Musicroll-50M,42,100,128,12800,0.17875,0.02518801616760629,2.812734375,0.09755695425346464,musicroll/clean/musicroll-50m_music_slice-pitch_constrained_clean_ic4.json
musicroll,MusicRoll 50M,musicroll,False,clean,8,N8Programs/Musicroll-50M,42,100,128,12800,0.178359375,0.02476960772790236,2.793828125,0.1003920079838317,musicroll/clean/musicroll-50m_music_slice-pitch_constrained_clean_ic8.json
musicroll,MusicRoll 50M,musicroll,False,clean,16,N8Programs/Musicroll-50M,42,100,128,12800,0.169453125,0.024396341737951573,2.813359375,0.10205481728870039,musicroll/clean/musicroll-50m_music_slice-pitch_constrained_clean_ic16.json
musicroll,MusicRoll 50M,musicroll,False,clean,32,N8Programs/Musicroll-50M,42,100,128,12800,0.173203125,0.024759649706938953,2.775703125,0.09846920428745355,musicroll/clean/musicroll-50m_music_slice-pitch_constrained_clean_ic32.json
musicroll,MusicRoll 50M,musicroll,False,deranged,2,N8Programs/Musicroll-50M,42,100,128,12800,0.170546875,0.023638932118915518,2.89328125,0.09960812752981978,musicroll/deranged/musicroll-50m_music_slice-pitch_constrained_deranged_ic2.json
musicroll,MusicRoll 50M,musicroll,False,deranged,4,N8Programs/Musicroll-50M,42,100,128,12800,0.17765625,0.024417541103188178,2.84390625,0.10066314481652609,musicroll/deranged/musicroll-50m_music_slice-pitch_constrained_deranged_ic4.json
musicroll,MusicRoll 50M,musicroll,False,deranged,8,N8Programs/Musicroll-50M,42,100,128,12800,0.17296875,0.024430263248469513,2.83140625,0.10196260665254664,musicroll/deranged/musicroll-50m_music_slice-pitch_constrained_deranged_ic8.json
musicroll,MusicRoll 50M,musicroll,False,deranged,16,N8Programs/Musicroll-50M,42,100,128,12800,0.1665625,0.024046917097760488,2.85359375,0.10460694242415355,musicroll/deranged/musicroll-50m_music_slice-pitch_constrained_deranged_ic16.json
musicroll,MusicRoll 50M,musicroll,False,deranged,32,N8Programs/Musicroll-50M,42,100,128,12800,0.1625,0.02421353092184787,2.83921875,0.10124136900681642,musicroll/deranged/musicroll-50m_music_slice-pitch_constrained_deranged_ic32.json
